X_TERMINAL,Y_TERMINAL,TX_AMOUNT
0.024343318332504693,-0.020705861165187578,0.9713530725922627
-0.15360265955342167,-0.03448148267160667,0.9706228272862103
-0.0089069098960326,-0.3217058260196233,0.8870016658827321
-2.3184670736063655,-1.1698226683232775,0.9692283469496961
