X_TERMINAL,Y_TERMINAL,TX_AMOUNT
-0.001816158155378389,-0.19294843312122034,0.9820002254404244
-0.09503714079351355,-0.16049413893736642,0.9822136528005005
0.006940323213572297,-0.15376941936824085,0.5739502460454999
-1.108364055440426,-0.7396917780126968,0.9688701049236569
