X_TERMINAL,Y_TERMINAL,TX_AMOUNT
0.7815091297632072,0.7668312299272098,0.8173983602020405
0.8074965996034961,0.8061845845406745,0.7885334916911801
-2.576948547932233,-2.5103284086370357,0.7963984167832621
