X_TERMINAL,Y_TERMINAL,TX_AMOUNT
-0.011380257089255164,-0.5214404691802625,0.7940037683150402
-0.03736738004590401,-0.2094342034007608,0.7952805612704306
-0.00969455194127744,-0.27383073693733206,0.5015969754066745
-0.9778204439513476,-2.0391753616026453,0.7689896633300837
