X_TERMINAL,Y_TERMINAL,TX_AMOUNT
-0.019739936593307528,-0.025159068059846135,0.9788840671982206
-0.004529458231844252,0.0030620338736656594,0.9790310956503454
0.29052946332180873,0.19547953561388587,0.9433690287705132
-1.0254031669826542,-0.8982162309484627,0.9661093000806311
