X_TERMINAL,Y_TERMINAL,TX_AMOUNT
0.8031687192168848,0.7947829872132502,0.8640864726508738
0.82011983876689,0.8334014883357699,0.8272631274225439
-2.8123684687933337,-2.4175382370168226,0.8556660355549742
