X_TERMINAL,Y_TERMINAL,TX_AMOUNT
0.8341821415567047,0.8194892512252552,0.8535164135597209
0.8416523776790875,0.8398639983146132,0.8199602958402905
-2.703455507927247,-2.5883140638889497,0.8327786706644558
