X_TERMINAL,Y_TERMINAL,TX_AMOUNT
0.7938178209399417,0.7784758093110304,0.8775284195843199
0.8285285407983126,0.833742791057426,0.799205076188267
-2.6106997290818805,-2.4663217468903222,0.8637526852748922
