X_TERMINAL,Y_TERMINAL,TX_AMOUNT
-0.0052917156763863105,-0.0328505937258361,0.9735635264310504
-0.020264314330865396,-0.024911936208309005,0.9757452841739188
0.10246760781695385,0.038652473635096274,0.8512130262785961
-1.1668332406822493,-1.1759893429219854,0.9456857802438586
