X_TERMINAL,Y_TERMINAL,TX_AMOUNT
0.4576728121717354,0.2876497279699256,0.848654780402162
0.6446259582594818,0.63422119669157,0.8243804989676562
-1.8291419334353032,-2.015860580385694,0.83169043152944
