X_TERMINAL,Y_TERMINAL,TX_AMOUNT
0.41598033962607395,0.24448255661521412,0.8345175311023044
0.6022227248919536,0.5963152525329982,0.7987486257092095
-1.7785383238654937,-1.8877311666250831,0.8089256700515339
