X_TERMINAL,Y_TERMINAL,TX_AMOUNT
-1.1825387020841087,-9.483932608747194,0.9602904955939413
-1.3609713446110518,-0.5229967644890419,0.9645234012115803
-0.6747689737308813,-0.39409758758914526,0.4518194315795372
-0.0705583494922648,-1.264092387364267,0.9576114685936211
