X_TERMINAL,Y_TERMINAL,TX_AMOUNT
-0.142254223917599,0.028594041983864393,0.9848282536181944
0.00955640603642871,0.0037761748304553366,0.9847329709092973
-0.0974094163146415,-0.023654835950069897,0.8328295121190307
-1.9855222632962026,-0.720392341027819,0.9760011981121691
