X_TERMINAL,Y_TERMINAL,TX_AMOUNT
0.48413436689059297,0.5539934791403959,0.8596438507515242
0.43046865675140067,0.4913200298209802,0.7273236524101179
-1.5504097176143974,-1.794870889764288,0.8449146220432706
