X_TERMINAL,Y_TERMINAL,TX_AMOUNT
0.7422841125216217,0.7339994829070264,0.8428210192382287
0.7760801848395522,0.7801014609121859,0.809237644082507
-2.5650867085612097,-2.444795435819282,0.825552363038343
