X_TERMINAL,Y_TERMINAL,TX_AMOUNT
-0.0002938800810712294,-0.012625326278991711,0.981701871109107
0.0004294407337650519,-0.004852029505661992,0.9819818872936993
0.36433844803924653,0.45446623699371214,0.9269843101812932
-1.1300911402237888,-1.076051606227665,0.9678635670953449
