X_TERMINAL,Y_TERMINAL,TX_AMOUNT
0.7624317155319098,0.7470060300216705,0.7952218395767552
0.7827686893130765,0.7901989919682227,0.7830768201973928
-2.5771041543147475,-2.504169518274739,0.7651869842383174
