X_TERMINAL,Y_TERMINAL,TX_AMOUNT
-0.0007097481980264941,-0.0010491201915043824,0.9712274495525154
0.00019074956545417354,0.004195825446943302,0.9715726872603431
0.4462642618001659,0.3873818468367334,0.9281705232903201
-1.0966887875665936,-1.0160149899385007,0.9651298713822443
