X_TERMINAL,Y_TERMINAL,TX_AMOUNT
0.770722051915639,0.7651850262245393,0.8412184012651925
0.813112100959607,0.8116810470565232,0.8091474976204301
-2.6055662651808493,-2.4271541039748765,0.8262746902349204
