X_TERMINAL,Y_TERMINAL,TX_AMOUNT
0.8346420129532297,0.8128056852982883,0.8254796047327218
0.8709688503909963,0.8678189139912711,0.7928633031871638
-2.650600077222487,-2.516487492840084,0.8090759190205193
