X_TERMINAL,Y_TERMINAL,TX_AMOUNT
0.5292061694451086,0.567662914354542,0.7191555399580642
0.4742662167825539,0.5922511527553971,0.6962613990805983
-2.732429226234621,-1.9971769604920544,0.7006659328217402
