X_TERMINAL,Y_TERMINAL,TX_AMOUNT
-0.0030859692328648602,1.4838775603487342e-05,0.9719153705134089
-0.0029254279251869075,-0.003455946449329117,0.9714984239235696
0.23898344461577625,0.30645664484558655,0.9280714107395216
-1.0341801591101691,-1.0981633957484855,0.9607695126094026
