X_TERMINAL,Y_TERMINAL,TX_AMOUNT
0.8173574261360033,0.8007059628381084,0.7903041952178778
0.8320211905227165,0.8356554758690138,0.7534405320691945
-2.6815363984114597,-2.5595441858906156,0.7584525720903073
