X_TERMINAL,Y_TERMINAL,TX_AMOUNT
0.7178851395470449,0.7146075823210127,0.8552938969692437
0.7414677865203598,0.7582194378224316,0.8024998344075476
-2.5467661794869,-2.4570388531135596,0.8409891037032577
