X_TERMINAL,Y_TERMINAL,TX_AMOUNT
0.7335193861460322,0.728320675356281,0.7930125803018326
0.7581717870408671,0.749630634980133,0.7643648814042664
-2.5268214895530825,-2.534971382466329,0.7667743071884402
