X_TERMINAL,Y_TERMINAL,TX_AMOUNT
0.4889388313040959,0.2832145036713163,0.8439862444208812
0.7267534250539481,0.7068639783263732,0.8041294183164681
-1.9748652556537531,-2.1236594655523886,0.8273437468856014
