X_TERMINAL,Y_TERMINAL,TX_AMOUNT
-0.007978514930867764,-0.007057302261902709,0.9717552914041765
0.001463954057159711,-0.0028088720268260037,0.9720934033911324
0.26509200462278437,0.29714880627805773,0.9673564246602944
-1.1357335761903111,-1.1182097312942014,0.9647824783150538
