X_TERMINAL,Y_TERMINAL,TX_AMOUNT
0.49159969496426814,0.29818310913671386,0.8385635856412303
0.7643751148412297,0.763018702069953,0.7661364413635392
-2.040529566635229,-2.0426873538398302,0.8331113200010192
