X_TERMINAL,Y_TERMINAL,TX_AMOUNT
0.7348723374852884,0.7373438624779061,0.8649145666171045
0.7520645135406132,0.7843874352785538,0.8325257873428293
-2.589910752581066,-2.3925797248614953,0.8487235030909337
