X_TERMINAL,Y_TERMINAL,TX_AMOUNT
0.7694607749220393,0.7838870182154511,0.8303830971760656
0.7997726829009294,0.8025277825927022,0.8144179187896703
-2.6759931826008407,-2.5151078407161167,0.8229581248990847
