X_TERMINAL,Y_TERMINAL,TX_AMOUNT
0.7325065805006621,0.7323712279418457,0.8713478841880351
0.7608176523438516,0.7742609611915033,0.8343991866346774
-2.6174106735924236,-2.3291533290382196,0.8481733736959833
