X_TERMINAL,Y_TERMINAL,TX_AMOUNT
-0.15050573431222802,0.03515212100991161,0.9551140120897548
-0.10281604612574613,-0.1007441173690462,0.9546677807908545
-0.1055689571324645,-0.07026987332889512,0.71799412801104
-1.343541070598147,-0.9103701289365596,0.9726041939033427
