X_TERMINAL,Y_TERMINAL,TX_AMOUNT
0.8855464806777852,0.8834830804119838,0.7809433180973093
0.622922062032369,0.798876252565073,0.5623734498730226
-9.382646682453998,-11.676212571594288,0.8015418091722386
