X_TERMINAL,Y_TERMINAL,TX_AMOUNT
-0.007090968155119004,-0.002494384035349295,0.9833354746856676
-0.004033434579112427,-0.0014200255570844256,0.9835752869736623
0.4101741970424654,0.4468633593614102,0.9394122062056954
-1.1322022322145564,-0.9424796941970552,0.972710439940944
