X_TERMINAL,Y_TERMINAL,TX_AMOUNT
0.5350658347752872,0.32999249190176216,0.8855787763951113
0.8263402719658627,0.811646978825203,0.8533134294040927
-2.0351799761427096,-2.0699584500167783,0.868140502648983
