X_TERMINAL,Y_TERMINAL,TX_AMOUNT
0.43384314837706683,0.21106522245952442,0.8629599709794564
0.657549390423946,0.6238680277592303,0.8292967939422189
-1.8446819294316708,-2.0271024841907477,0.8231954130352281
