X_TERMINAL,Y_TERMINAL,TX_AMOUNT
0.4664925804398785,0.2835261979619085,0.7693419704987026
0.670346224461988,0.6232817782293048,0.7270215469495475
-1.872191822977896,-1.9786687855003082,0.7486717216906293
