X_TERMINAL,Y_TERMINAL,TX_AMOUNT
0.024541466436931003,-0.13214960675690923,0.9799717902295587
-0.032920812411060485,-0.011683342970709498,0.9806058383284365
0.060521405102278436,0.06613228317038478,0.8818701699393043
-0.8931267279373998,-0.9102330592998997,0.9620179025537201
