X_TERMINAL,Y_TERMINAL,TX_AMOUNT
-0.07716012288887564,0.05860423365913714,0.9315412306667624
-0.07934833897085314,0.07076812842971714,0.9469843846212649
-0.032379934421983725,-0.03263867664168307,0.370265763035141
-0.6221453367784682,-0.707955364761645,0.8979219851552767
