X_TERMINAL,Y_TERMINAL,TX_AMOUNT
-0.0012832016410910807,-0.04415246175259879,0.9576668192195372
-0.0013676376591014172,-0.014510139773843633,0.9578783234649899
0.24745147352521246,0.21539782677945085,0.8794470705051143
-0.9970151740414119,-1.0809663514575019,0.9408026797714604
