X_TERMINAL,Y_TERMINAL,TX_AMOUNT
0.7261000786900333,0.732611305427145,0.8024032804954644
0.7584497592392293,0.7819611935477039,0.7638278124026183
-2.5285370556980493,-2.3329798856773856,0.7862535457002642
