X_TERMINAL,Y_TERMINAL,TX_AMOUNT
0.46946024645306794,0.25946691149903744,0.8382713346450856
0.7362124950034615,0.7137999554428639,0.7705034230243273
-1.9134452109729998,-1.9802451440200506,0.8181698775855037
