X_TERMINAL,Y_TERMINAL,TX_AMOUNT
0.7214922152237633,0.6961976377839795,0.8168727010224781
0.7454064348157474,0.7388608566793085,0.793731796734309
-2.509156815324184,-2.4374158708952627,0.79007402355924
