X_TERMINAL,Y_TERMINAL,TX_AMOUNT
-0.03726429767238204,-0.012594548484323509,0.9700520554927907
0.006562522630823353,-0.0050560289772854095,0.969945531012127
0.19596706857903468,0.2631744391567892,0.949857153811784
-0.901898026278644,-1.0386402283065483,0.9580216133334578
