X_TERMINAL,Y_TERMINAL,TX_AMOUNT
0.7641477645142244,0.7645396363611365,0.8732594021800368
0.787592370438422,0.7995307025011152,0.8281355278909686
-2.656787231910335,-2.4888657095140183,0.862360126894195
