X_TERMINAL,Y_TERMINAL,TX_AMOUNT
-0.019625861348493423,-0.026474956804039662,0.9366537277193927
0.003959115381320433,-0.016267909519066093,0.9385368951227541
0.1547613868959289,0.22325659019608413,0.8732537538296292
-1.0296655012783518,-0.8134409719319915,0.9508413899869596
