X_TERMINAL,Y_TERMINAL,TX_AMOUNT
0.7967174207037201,0.7714511085233601,0.8307666808050873
0.817366840139247,0.8224392638051982,0.8018566213574936
-2.5793268644681002,-2.505175466436471,0.8071644353683817
