X_TERMINAL,Y_TERMINAL,TX_AMOUNT
-0.057300672888144,-0.39745196870151966,0.9804673818629407
-0.01499407534976771,-0.23766871184867844,0.9761684284739434
-0.009262572260317459,-0.1314216719903334,0.783962124056282
-1.1201227285645046,-1.8256601725576718,0.9462607040902691
