X_TERMINAL,Y_TERMINAL,TX_AMOUNT
0.840799536431433,0.8259136917980887,0.8629751664273153
0.8893554171885047,0.8733490759878555,0.8394612179002989
-2.65268062369071,-2.4905984457248094,0.8516355913499375
