X_TERMINAL,Y_TERMINAL,TX_AMOUNT
0.7039223925934961,0.7017507417269278,0.8754195113436471
0.7389509019843056,0.7408739925298086,0.8369596720581391
-2.567413363098394,-2.3448070702315063,0.8677381329277304
