X_TERMINAL,Y_TERMINAL,TX_AMOUNT
-0.30727952317285556,-0.01699202094560537,0.9407662653855934
-0.01884803571048299,0.0813693775961033,0.9367337522215293
-0.09133168088432608,0.09175292955036995,0.7659709185247339
-2.2711401042233454,-2.9117354951264307,0.8986447461416773
