X_TERMINAL,Y_TERMINAL,TX_AMOUNT
0.4729932956702567,0.32785418407037403,0.8166660221135547
0.6745078853760669,0.6517930802189575,0.7896777036861818
-1.9407661824496487,-2.0553706081802035,0.7903790034121341
