X_TERMINAL,Y_TERMINAL,TX_AMOUNT
-0.39538193466042415,-0.06156336570173271,0.945518022218088
-0.00680150795838852,0.04567039251598748,0.9435323378178311
-0.01264285621784178,0.08374442331602794,0.8284303865193229
-1.8097905197163793,-1.5771123467847015,0.9166083602962709
