X_TERMINAL,Y_TERMINAL,TX_AMOUNT
0.01335487184530948,-0.0194798428446874,0.9685538305318665
-0.0324483481717992,-0.05809013380101091,0.9677128836675688
0.11633143981214367,0.10957879914715651,0.7749535316364066
-0.37754668368915345,-0.983373974027506,0.9470660206942989
