X_TERMINAL,Y_TERMINAL,TX_AMOUNT
0.7283606122697479,0.7302294472910871,0.8254881519358501
0.7531741216071968,0.7568700134772979,0.7986364925340756
-2.579971139092736,-2.5049132222219224,0.8021803362698037
