X_TERMINAL,Y_TERMINAL,TX_AMOUNT
0.7846912319520738,0.7689639299074309,0.8758326330159643
0.8002274442487254,0.809062977511597,0.8544846290825485
-2.6458520290085836,-2.542447006116565,0.8469231715021925
