X_TERMINAL,Y_TERMINAL,TX_AMOUNT
-0.012322020195862704,-0.07239808509728607,0.9634081025719062
-0.011984803866777805,-0.08923458204271384,0.964603987546979
0.08523461066021698,-0.05043756329888227,0.9012455271283277
-1.4154245580429312,-1.0426391618732613,0.9479907599027876
