X_TERMINAL,Y_TERMINAL,TX_AMOUNT
0.6996648764338407,0.6875132289352387,0.8294745989498894
0.7308797739170806,0.7314435514917406,0.7861293768213387
-2.4680350172521313,-2.3453742464316862,0.8119296812511195
