X_TERMINAL,Y_TERMINAL,TX_AMOUNT
0.03247703500590127,0.4275489784735472,0.870792158917584
0.6706123259062664,0.4831439120848382,0.6959537489303242
-1.280023879956162,-3.753433971319507,0.8355986687870236
