X_TERMINAL,Y_TERMINAL,TX_AMOUNT
0.736943063084758,0.7156837381097214,0.8536914361871025
0.7549338658098795,0.7507058165289013,0.8097772906161762
-2.6215129095214795,-2.4916797713062295,0.8446462601426861
