X_TERMINAL,Y_TERMINAL,TX_AMOUNT
0.7030531966473182,0.6925425163839714,0.840824298403005
0.7323081785437144,0.732480812784245,0.8163172313195267
-2.453677012693534,-2.4388386418113175,0.8357981290571714
