X_TERMINAL,Y_TERMINAL,TX_AMOUNT
-0.10001286994579162,-0.017947042517995726,0.9734420231801352
-0.09077425151594065,-0.022276525674324033,0.9721031341685195
-0.038672413465059785,-0.018029281251028983,0.8599852974982445
-1.4665026970593038,-0.6654308154048008,0.9672335749347611
