X_TERMINAL,Y_TERMINAL,TX_AMOUNT
0.4420750265971598,0.2637443733050788,0.8471724023062437
0.6881624303166187,0.6898844346697274,0.8255910826988568
-1.888492157866485,-1.9930742287713636,0.8205824742872265
