X_TERMINAL,Y_TERMINAL,TX_AMOUNT
0.4712064721278597,0.3098671815855022,0.8040932677654825
0.6952227339211149,0.6836173436827302,0.7532626483214384
-1.9770125725590577,-2.093762696671852,0.8026848344446702
