X_TERMINAL,Y_TERMINAL,TX_AMOUNT
0.7153810355891833,0.7086193536431131,0.8087312272324053
0.7524096084388253,0.7719869273362154,0.7688354965016201
-2.5189815078282365,-2.3062836945876017,0.7810249586025624
