X_TERMINAL,Y_TERMINAL,TX_AMOUNT
-0.006787338918551766,-0.014209507352941353,0.971459913563267
-0.002728330354995423,-0.005564625502601395,0.9715633733664726
0.25269598126522075,0.35996720270778704,0.954676295556958
-1.069345297922569,-0.9003858437676944,0.957814163232699
