X_TERMINAL,Y_TERMINAL,TX_AMOUNT
0.7986674539769198,0.7883160624486667,0.8758715768823115
0.8309953932211868,0.8390220007910163,0.836863372413715
-2.678384451123325,-2.4428283598063056,0.8783543975679954
