X_TERMINAL,Y_TERMINAL,TX_AMOUNT
0.7943208506173738,0.785081107063335,0.8619883601421334
0.8154796929234278,0.815366134928283,0.8421186291099106
-2.635507660185435,-2.5312697084709113,0.8541293051380883
