X_TERMINAL,Y_TERMINAL,TX_AMOUNT
0.001347789963585977,-0.000893336415571877,0.9794324589599261
-0.0009473709427212373,-0.0014942405439299922,0.9790996032096785
0.44209306717961505,0.4210521382512493,0.9308249128586099
-1.0909193664989525,-0.870188073751406,0.9650565057907772
