X_TERMINAL,Y_TERMINAL,TX_AMOUNT
0.4785591214790803,0.30889152646190343,0.8111468111380887
0.6744708166811015,0.6634151416030122,0.7150648738661676
-1.8632404677140948,-1.9000491934905215,0.7884811505523687
