X_TERMINAL,Y_TERMINAL,TX_AMOUNT
0.7061713513404154,0.6966083082827572,0.8124850475751814
0.7345167107229151,0.7324297003823023,0.7705719776539763
-2.4784511911340683,-2.5233947741632097,0.803262940233459
