X_TERMINAL,Y_TERMINAL,TX_AMOUNT
-0.13066429757347842,-0.05253544897732265,0.9467002794296535
-0.1364191231605747,-0.03638520385546773,0.9475696891983149
-0.13665020853660326,-0.055673551235444485,0.8546156242523387
-1.3321227563069793,-1.2384805454030072,0.9220737501786083
