X_TERMINAL,Y_TERMINAL,TX_AMOUNT
0.48078320193103175,0.3044985868572957,0.8199083843248514
0.7129759747449254,0.6970668232687276,0.8051947369596792
-1.8364266505492588,-1.995854090216508,0.7907976103851205
