X_TERMINAL,Y_TERMINAL,TX_AMOUNT
-0.0042046509668456356,0.0038302329134362045,0.9822223824793858
-0.001970761856256331,-0.001970013652253577,0.9821390688200728
0.39574176843800046,0.40706106152060995,0.8987117379861029
-1.0206468756058027,-1.127530550447466,0.9702464084001944
