X_TERMINAL,Y_TERMINAL,TX_AMOUNT
0.7773056757823904,0.7509143450314801,0.8450463946408953
0.8101300890842517,0.8095614065335348,0.7938875443032718
-2.617596333476897,-2.2870127141045637,0.8286871234489404
