X_TERMINAL,Y_TERMINAL,TX_AMOUNT
0.7859486515702578,0.7800319071573781,0.8529251662061883
0.8116591453982406,0.8154761062337501,0.8151817770069718
-2.5910371233292353,-2.55516832549775,0.8331153958802995
