X_TERMINAL,Y_TERMINAL,TX_AMOUNT
0.7360151541998392,0.7265711491082782,0.863092273164972
0.7727530255561933,0.7886219143372616,0.8265175899312848
-2.487457937030549,-2.336732221200494,0.8446039614347716
