X_TERMINAL,Y_TERMINAL,TX_AMOUNT
0.9499309196560203,0.94599628266011,0.7380601769290354
0.9762853224455532,0.9615848571465164,0.6888560908594129
-1.656948624085588,-1.015139332642136,0.7337292692546769
