X_TERMINAL,Y_TERMINAL,TX_AMOUNT
0.4243263549001691,0.2443129552335347,0.8224035467864491
0.6433045639300649,0.6301320265649248,0.7999173059641971
-1.722187325644883,-1.8983526549301835,0.7911601965548175
