X_TERMINAL,Y_TERMINAL,TX_AMOUNT
-0.1017103048489656,-0.040858015656892066,0.9612343949824205
-0.026964333355078196,-0.04224244932408916,0.9600681991310913
0.039172055265543126,0.02633007032557444,0.9405706026326492
-0.6434509830894777,-1.3731959076060285,0.9469237690988606
