X_TERMINAL,Y_TERMINAL,TX_AMOUNT
-0.002462402565339916,-0.00031813204370778614,0.9768205988281982
-0.004105424710370231,-0.005443614490534765,0.9766317446750192
0.23931019953615396,0.1758875453528248,0.9549300467122352
-0.9829550250449559,-1.2015869450792938,0.9656427247887915
