X_TERMINAL,Y_TERMINAL,TX_AMOUNT
0.35452005949896903,0.2383539832171978,0.8095116500802616
0.4933918640762853,0.4991263485996914,0.7848931815227194
-1.9568021096280241,-2.015347045332566,0.7952410393402596
