X_TERMINAL,Y_TERMINAL,TX_AMOUNT
0.8027717619971609,0.779241137209092,0.8354278651213547
0.8289687395082271,0.8190997505171352,0.793549733603633
-2.6754813315057158,-2.5608287683717217,0.8189650306377743
