X_TERMINAL,Y_TERMINAL,TX_AMOUNT
-0.04466018314892728,-0.009430271913985155,0.9692358456498668
-0.018035936158315113,-0.011091972719606158,0.9684146311358685
0.07310187718748395,0.1649570816607402,0.876082022896531
-1.186491546639246,-1.0458817662409428,0.9473792815090176
