X_TERMINAL,Y_TERMINAL,TX_AMOUNT
0.8179473411726441,0.8049574339922239,0.8527554800146052
0.8396787617745621,0.8375334992596573,0.8210446397410516
-2.676356436527452,-2.5443338477785034,0.8441852424691239
