X_TERMINAL,Y_TERMINAL,TX_AMOUNT
0.7470159976968378,0.7396946973825098,0.8209160180416476
0.7693478789202961,0.7919551220925453,0.7831743042318865
-2.625208967475991,-2.443656216089377,0.8064652419430287
