X_TERMINAL,Y_TERMINAL,TX_AMOUNT
-0.021927266101152254,-0.028657821958335328,0.9668340364349548
-0.011602417433490775,-0.031134880225821115,0.9657830680760195
0.09484957585803777,0.07024983124026896,0.8613059785472036
-0.6629687313210475,-0.8910751346015158,0.9446701422981381
