X_TERMINAL,Y_TERMINAL,TX_AMOUNT
0.8008946800538661,0.78184147940189,0.8379421314910408
0.8394968920519924,0.8507940501201736,0.8027572511586859
-2.5672499431308617,-2.3578608860484267,0.8180882567228157
