X_TERMINAL,Y_TERMINAL,TX_AMOUNT
0.007001650887034527,-0.07820915373307336,0.9686984343576469
-0.12855961987666453,-0.08869670116875694,0.9696760420601723
-0.03290923740505791,-0.022646882755464004,0.8022014167185445
-1.5423887929855153,-1.224122653846218,0.963558531408416
