X_TERMINAL,Y_TERMINAL,TX_AMOUNT
-0.01792320559197158,-0.01836503893386321,0.9608913660278869
-0.020857180201931946,0.001293218485545422,0.9610571192338982
0.22925570994746047,0.25363744622028705,0.9138336544812277
-1.1195463374644214,-0.9351746692409213,0.9488677098283804
