X_TERMINAL,Y_TERMINAL,TX_AMOUNT
0.12072791006000547,0.11553390107397984,0.1335119585680311
0.11219161333635612,0.10629199927845422,0.04696504046017325
0.11158405326851568,0.1068726564293395,0.0465352940337871
0.073924311522473,0.109223636898922,0.024210418383258617
0.12871115045172926,0.15123866408696923,0.1435522666818282
0.16695245146304688,0.1704712058202506,0.08076499186924328
