X_TERMINAL,Y_TERMINAL,TX_AMOUNT
0.007734003110243293,0.01237405119131094,0.19506240856258927
0.009474022377551919,0.010988934370215236,0.07296858083016655
0.007399408613742356,0.010116780589117462,0.07334550406675687
0.0448890739486296,0.030976447937453563,0.09124320939977681
0.17262683830066927,0.17192166313188303,0.15121223329038866
0.10049687563206597,0.10212652875317968,0.08423411709726893
