X_TERMINAL,Y_TERMINAL,TX_AMOUNT
0.10995112485007447,0.11000149501146321,0.11879758480458331
0.11452996949221693,0.10666144441579545,0.01177043172818274
0.11895161277002064,0.10194372587945547,0.01326193076668766
0.08283590264499927,0.10543226416651183,0.06740177513163292
0.18022987064498397,0.18347129294422226,0.17179935980330344
0.1360484685671497,0.13042602004286655,0.013894393938828417
