X_TERMINAL,Y_TERMINAL,TX_AMOUNT
0.11165200082982042,0.09909835478641854,0.07917786697627663
0.10365029344620824,0.09343048099258315,0.01629874209363104
0.09746337702724057,0.09312933653385966,0.019570404188449936
0.09835522381261586,0.09435171298241185,0.0584155031784164
0.17089062696441362,0.1719440243184979,0.16589150423523363
0.1215827285444423,0.10981357879076464,0.02277942381402317
