X_TERMINAL,Y_TERMINAL,TX_AMOUNT
0.10410545654037508,0.1091732782239269,0.1343316244477024
0.10255985717604284,0.10265863750056378,0.058521601125057485
0.10087617657329137,0.1027019010013496,0.0592726393874627
0.08556182752924163,0.09272466180399265,0.08069239723697569
0.12741957888874925,0.14809536084158523,0.13247182061462495
0.16548778122376828,0.1694291824750307,0.07822522900554009
