X_TERMINAL,Y_TERMINAL,TX_AMOUNT
0.06188350361853545,0.05699588217821221,0.09066481345835618
0.028438956565566265,0.06998285308787987,0.03478912543391896
0.05622728334698064,0.07176903084761839,0.028412447384997853
0.03045066061065711,0.07550429366942185,0.023014114099167978
0.20158915380055897,0.22361074658831598,0.21491601146646186
0.0557976182851183,0.10306940034614688,0.046025413335047304
