X_TERMINAL,Y_TERMINAL,TX_AMOUNT
0.021400273775863232,0.018597683644276882,0.3399025278725428
0.016446893072901377,0.01484112534693571,0.10378575461310192
0.013210416179967235,0.011813970607870716,0.1047045341962216
0.0886680099013817,0.038656528975335766,0.17356301781394826
0.22979459068334646,0.22542121817098504,0.26375939553713096
0.17587229343303085,0.16186364168811407,0.13602376441167285
