X_TERMINAL,Y_TERMINAL,TX_AMOUNT
0.06745266435759935,0.050272119987956936,0.3080170169084782
0.04175842215223225,0.031866958483115326,0.03782785109432017
0.04525476657421001,0.03005565619000559,0.03888254193265106
0.1636962163201096,0.13830276242096468,0.07886934035550583
0.23032178379410265,0.2441549756973521,0.2018118427434122
0.24361926971317363,0.19528848767954707,0.11788665432936948
