X_TERMINAL,Y_TERMINAL,TX_AMOUNT
0.11212257539895024,0.10818051662984214,0.13011759028189904
0.1084329768754499,0.10310233746553721,0.06132052162942156
0.10793277367079376,0.10288692601892499,0.06167776748456539
0.11043661164983924,0.09941683263684649,0.10298082759306422
0.15387468719003644,0.15994717841200115,0.1360903237326795
0.16539865128019532,0.17032398284551864,0.09804368040370834
