X_TERMINAL,Y_TERMINAL,TX_AMOUNT
0.10619617457603318,0.1009430797312267,0.1304504510222377
0.10170750172826978,0.09495693136058447,0.0516299053431805
0.1007244489977316,0.0953675924563765,0.05118816200403824
0.09967354741099141,0.10035123288915548,0.0724955210179229
0.1282323076697458,0.13660002850864644,0.13233497780527556
0.16671275663278606,0.1713912328627353,0.0895951369871231
