X_TERMINAL,Y_TERMINAL,TX_AMOUNT
0.11391773212266507,0.10755473371047564,0.13365453190152618
0.10847756588013846,0.10080068632404435,0.051969296758486896
0.10663626025569803,0.09973601430149956,0.051488715039724714
0.10937931469482742,0.1237823862424989,0.02547272639705953
0.1416174113590073,0.1488275149555607,0.11593891933172353
0.16775123291817323,0.1716018993335245,0.08590037773728741
