X_TERMINAL,Y_TERMINAL,TX_AMOUNT
0.017043569108320812,0.01785216820446112,0.30414643823356446
0.01001635149926615,0.01131497585381618,0.10316724653894681
0.008131148569287813,0.009210905114204186,0.10413300438587436
0.09603183444699556,0.05461082709729987,0.3336427916306469
0.2177834326263222,0.20872779848437426,0.22064586806495556
0.14130604340248748,0.15403596905359146,0.13622811851522534
