X_TERMINAL,Y_TERMINAL,TX_AMOUNT
0.031844081567495006,0.04109134281243691,0.31796505396685343
0.018078899017668685,0.03156252111666181,0.1027393276723508
0.018595159679846606,0.03363473290009141,0.10572473550405784
0.051213345081581485,0.10868375040578702,0.16898735216544716
0.24363058473309462,0.19681927313005282,0.28287399487080117
0.24197401964759405,0.23884594521197847,0.1575225297495124
