X_TERMINAL,Y_TERMINAL,TX_AMOUNT
0.03554825690889496,0.021580868025318757,0.3116273205799847
0.015503995509153374,0.011756809628229937,0.07629226123147433
0.01347929129041395,0.013480006195538904,0.07728862255934306
0.1187401719957005,0.0375169564154669,0.16652399894091374
0.23317562756746246,0.23227638887331759,0.2489519324569708
0.1917905737757931,0.17871782146058884,0.14245769350036375
