X_TERMINAL,Y_TERMINAL,TX_AMOUNT
0.1158699660050386,0.11152088380774773,0.13184376254771815
0.11107738878096005,0.10488489252803535,0.05841219474322646
0.10987535897568089,0.10507323054063783,0.05848312901235123
0.10608943155200579,0.09408196129875901,0.06139125349222741
0.12513017074616942,0.14692509922754748,0.12711648503630868
0.16685852992126177,0.17016391182923957,0.08735057752810427
