X_TERMINAL,Y_TERMINAL,TX_AMOUNT
0.11316400852732954,0.10575387371108873,0.13953445811179715
0.10662618626508057,0.09933509202372169,0.051587347080317966
0.10545361283057929,0.0985176450237436,0.0518203148973442
0.10394683276392755,0.09349787883830052,0.07828182502595542
0.15602915590640065,0.1614795056632646,0.14079183196874015
0.1673223031548833,0.17241761087862684,0.0833317282944323
