X_TERMINAL,Y_TERMINAL,TX_AMOUNT
0.05034156935430524,0.058242232961472316,0.31473107835811825
0.03203855887038948,0.02919664759615013,0.10714560792411484
0.034808793206839064,0.028846843805079073,0.10733926222455319
0.13327801774903186,0.10764030604428264,0.24791023603185
0.18753550781009487,0.22112337570375434,0.243888110048472
0.24193578652033,0.23973428659040077,0.1525544754178787
