X_TERMINAL,Y_TERMINAL,TX_AMOUNT
0.015371240023226894,0.025659017161081828,0.2597979714498078
0.007823102558260488,0.01519094347591873,0.10189813182790743
0.007594807390460614,0.011813895654048844,0.10736450030402618
0.06819018566940782,0.07198465876843158,0.12504448223887515
0.21510959752225328,0.21406373328877967,0.24775353950548548
0.1455849470416779,0.143646431147675,0.12429437265322121
