X_TERMINAL,Y_TERMINAL,TX_AMOUNT
0.09431485513555826,0.0968728690091265,0.2876034005024376
0.030858559021343837,0.03762176407209694,0.07006698255432728
0.02847122744046883,0.029360725064404423,0.06046929853750237
0.1313250847253726,0.10865579287960637,0.12626895525731996
0.1907333091385092,0.23494832087832504,0.1830836611443626
0.24048885963321942,0.23635704808635466,0.0779602467623838
