X_TERMINAL,Y_TERMINAL,TX_AMOUNT
0.02570397767484241,0.020848937234456702,0.29846329077867356
0.02090302908060719,0.012110051914809988,0.08958553170499456
0.017004763663786282,0.008315138397157598,0.0929555444905808
0.11864744486307344,0.03440420299090984,0.13453436980999728
0.22774285370811165,0.23049529451449077,0.24695158134778009
0.16578178879819583,0.17066599880336253,0.13264040313724249
