X_TERMINAL,Y_TERMINAL,TX_AMOUNT
0.10284947067397553,0.10279341236612058,0.13101788956341476
0.10394595828221478,0.09805598013071279,0.05282209005637531
0.10189042816680718,0.09742752715984473,0.052874781916760184
0.09889530387339351,0.0869507762831847,0.1028180917701109
0.1581436381981491,0.16073935297255712,0.14369044222639193
0.1674550844807851,0.1715043552942513,0.07823643269053934
