X_TERMINAL,Y_TERMINAL,TX_AMOUNT
0.040603877339756726,0.022425663015031634,0.3228714549064197
0.01833311055671943,0.019766927238880995,0.09389630905667491
0.013001821381240244,0.011355635746515193,0.09493296605051418
0.0925883535204539,0.07355770238260227,0.2922523951799026
0.226409129152335,0.22203703530652272,0.25946299214697155
0.23880572986377335,0.2282306532123959,0.15009208832038487
