X_TERMINAL,Y_TERMINAL,TX_AMOUNT
0.018375587823725156,0.013959104977901156,0.31297971208127656
0.009879038778086699,0.007931963217100383,0.09165964846748266
0.0101362253779851,0.008386058056441784,0.09313152273611391
0.035351614211300564,0.10817080978698557,0.10648094455663294
0.2055444347957454,0.20716399894034176,0.19074487177722715
0.1362836347738915,0.1302764608586925,0.11844223506610876
