X_TERMINAL,Y_TERMINAL,TX_AMOUNT
0.10876323309213501,0.10697841325581622,0.1343992273637939
0.10800343548993027,0.10180591134750266,0.055444749872774673
0.10734244915197122,0.10266573222499295,0.055393647805296285
0.0988284659447927,0.09477865416459857,0.08086413371528693
0.1323380901728029,0.14233849087217945,0.1278538719223914
0.16774677304358374,0.17145162967005623,0.08813763556508618
