X_TERMINAL,Y_TERMINAL,TX_AMOUNT
0.0634459291763488,0.058376358201508785,0.3222120429611835
0.031026574471909103,0.04026195407444752,0.06829889947063104
0.02404267107417557,0.04147230007403887,0.06759152511780367
0.1435807045508338,0.09845427761634319,0.29620726461886243
0.22935176228994425,0.2145387562664045,0.23403258827984966
0.2410260710811694,0.23835332104046988,0.10759280011754238
