X_TERMINAL,Y_TERMINAL,TX_AMOUNT
0.054330016023000666,0.03192341433862986,0.4017489068749418
0.04113940454383981,0.02763533937895419,0.12962942067607497
0.03133654430846654,0.024652042676500903,0.133892065554601
0.04591771571139299,0.08319787980504421,0.35258245045153963
0.2308196016180305,0.20433003681387912,0.3242014343384696
0.20686891832568552,0.19468788293396494,0.20506723678394626
