X_TERMINAL,Y_TERMINAL,TX_AMOUNT
0.0978729254985837,0.09992163178643645,0.13053790259224896
0.09411154628733509,0.09270192977746075,0.04933277384151989
0.09263013357530031,0.09256182266678165,0.04939144356939603
0.09695422868797654,0.11532104640122405,0.042457157270666686
0.13880496170507883,0.14741735935464706,0.13026073104159558
0.1681748188845372,0.17238421630499795,0.0838597680195542
