X_TERMINAL,Y_TERMINAL,TX_AMOUNT
0.11644415953347043,0.11991082603437125,0.13910820639024857
0.11489806531823016,0.11384322126176008,0.06616323009252731
0.11400969356664328,0.11376982998095637,0.06588902864376697
0.06877166906620359,0.10067812034867267,0.10251045270349579
0.12988373900809722,0.14745959686514098,0.12974052582353834
0.16702269958722732,0.1703023135690748,0.08722459397023297
