X_TERMINAL,Y_TERMINAL,TX_AMOUNT
0.01942110202096551,0.0205866955149571,0.29819676632893666
0.01723056213801164,0.010977494996834019,0.10354527792573018
0.013489436821159809,0.010207708107490835,0.10533109241749314
0.07297943016721502,0.06504100905779674,0.30506722215744425
0.2259889456584222,0.2137115672484901,0.27577224146300383
0.16130116609875195,0.14867490502648903,0.12938619647497618
