X_TERMINAL,Y_TERMINAL,TX_AMOUNT
0.024376334395109292,0.021514527027257233,0.3356118581111793
0.021041166224259722,0.018003748638336828,0.10790034885094754
0.013340924112658628,0.01808646286195733,0.10994514474397012
0.13670192643668727,0.07429766932765831,0.2213298551166484
0.23465438782834672,0.2341239687023237,0.26533895931915635
0.16646062577568355,0.16512384679826597,0.16557354211171274
