X_TERMINAL,Y_TERMINAL,TX_AMOUNT
0.03943939936688236,0.060930843358771254,0.31402813042116295
0.026013900279991568,0.03152506936699555,0.08411927356613844
0.02762279232887143,0.027540803735490258,0.08936692282527141
0.11551918515334207,0.09473526992589162,0.2212002729574902
0.22806576106258775,0.21551361913219141,0.24076703063887575
0.23897342572790248,0.2416430475835649,0.138567141656083
