X_TERMINAL,Y_TERMINAL,TX_AMOUNT
0.1212776739561772,0.11897348005016227,0.1311769508178663
0.11667604520586601,0.1130065566695411,0.059248843532172635
0.11577022731820766,0.11293571673734731,0.05904474897537699
0.0764427190063999,0.10209743495975457,0.046096197258434335
0.12925888024836885,0.1497668322435364,0.14089704770619485
0.16643073605572573,0.16974200234051162,0.08661259130772848
