X_TERMINAL,Y_TERMINAL,TX_AMOUNT
0.1084802890975337,0.11316458505575983,0.13661699716928216
0.10497401588186395,0.10621444081211479,0.05879985232964574
0.10377488272512,0.10723851034231421,0.057824228170536375
0.06453328973925541,0.10045330721955428,0.08211329743266961
0.13934756736616152,0.15295076388064754,0.13851108800740985
0.16793087340548668,0.17167897272995203,0.08587964339131486
