X_TERMINAL,Y_TERMINAL,TX_AMOUNT
0.11200555968903311,0.11399028759684271,0.1386452010382623
0.10689667630300664,0.1038934765677054,0.05085469049804236
0.10561479400417587,0.10448622437393812,0.05006826575997923
0.07682041034252114,0.09882873375252996,0.09918015362152345
0.14830645014769656,0.14878330172331142,0.13000502377284828
0.16713280911317596,0.17114591936930584,0.08132674895714871
