X_TERMINAL,Y_TERMINAL,TX_AMOUNT
0.026192093338020875,0.03451841555199293,0.328197117539733
0.016812302549675917,0.024855824915235192,0.08421582405612078
0.011555740041441758,0.02165061124530224,0.08603626685034314
0.036908761410584454,0.04737301993815615,0.1837340687683212
0.2319907581733333,0.23690867978758107,0.25733542857146063
0.2028008466280749,0.19805503051403056,0.12198013657438553
