X_TERMINAL,Y_TERMINAL,TX_AMOUNT
0.09901479008247878,0.09752699694949032,0.13827959035929638
0.09825718051611255,0.09226134433894588,0.059861840945034356
0.09697436693271633,0.09286038801959373,0.059516703052285506
0.09169290814992931,0.07765357600430688,0.04394819862189482
0.13081196932817477,0.13377701672981543,0.132901587292936
0.1672380162250277,0.17137832821205745,0.09128913829440269
