X_TERMINAL,Y_TERMINAL,TX_AMOUNT
0.10755854391902522,0.08924404567826011,0.08654562395858943
0.10280107835521614,0.09402757451332666,0.01692895080772195
0.10441132518583837,0.09347175970812208,0.017695057168446673
0.09727352867855954,0.0853667903724356,0.0661327309022432
0.17290496564758012,0.16819514405185348,0.16386878136522803
0.12826411134870652,0.11163290065893204,0.03160019943083986
