X_TERMINAL,Y_TERMINAL,TX_AMOUNT
0.008473722921240288,0.012328041696532538,0.1753065339036828
0.009010517368488754,0.012669544050811936,0.06390980377034572
0.009034703338712535,0.012365927591877254,0.064854299053861
0.056605675316967106,0.03155504774724519,0.13453445594372093
0.1638786140162208,0.16317021123449332,0.13883855017407884
0.09435169270536278,0.09220513379822523,0.07399787596185274
