X_TERMINAL,Y_TERMINAL,TX_AMOUNT
0.1232987633218,0.11823228161158326,0.1362187155928517
0.11229111635753802,0.10597781793121876,0.054337251108315957
0.11120652824051924,0.10720409694092227,0.05469730811880229
0.05602214829387865,0.10347601345603412,0.08333927394305998
0.12722262016773067,0.14612728519705953,0.13208727097952275
0.16889307171888535,0.1719758292276506,0.08465246694415654
