X_TERMINAL,Y_TERMINAL,TX_AMOUNT
0.10679962956045233,0.10103771848667714,0.1336439618027511
0.10190876805693072,0.09475182224237105,0.06076267471797415
0.10064344260785255,0.09448921496104928,0.060331326548875255
0.09958777889896595,0.12386643062222757,0.09712972565027468
0.15752049969781928,0.16069071012867864,0.13692608810114784
0.16738050282201247,0.17126188326839187,0.0949906937085671
