X_TERMINAL,Y_TERMINAL,TX_AMOUNT
0.12025488838989182,0.11827076730981839,0.1297515387169709
0.11508120002031527,0.11153524174787094,0.05317471701065949
0.11486611816909023,0.11190336397252318,0.05333326466721519
0.10901821765467891,0.11052291756438412,0.025604804127917834
0.15616940213369235,0.15882922879876088,0.14368595305021747
0.1669397665855431,0.17064923019725287,0.08658577434245089
