X_TERMINAL,Y_TERMINAL,TX_AMOUNT
0.039067477280253185,0.05319366044730403,0.34488537410830705
0.024608427297080827,0.027744673778550555,0.0955435470711758
0.024778703247168708,0.029444326324393547,0.09366342814365833
0.097824247526021,0.04364099469154893,0.1869661885202525
0.2323288782266505,0.2191454828400085,0.261757260492031
0.24066996118064793,0.23516210961091583,0.1444777453958964
