X_TERMINAL,Y_TERMINAL,TX_AMOUNT
0.11769649957501044,0.11978273307206952,0.12734810035876865
0.11578909642958624,0.11496180834310654,0.057808945590380294
0.11413717390095204,0.11434415793197594,0.05728223184685942
0.1190925162641721,0.10654506381823753,0.11142088475630883
0.15265690690877964,0.16206621526411666,0.13366135926761552
0.16702401292864805,0.17023184731936625,0.0834846673658176
