X_TERMINAL,Y_TERMINAL,TX_AMOUNT
0.011717742308761669,0.015702586021673792,0.33543319028788937
0.011277168840148701,0.008790127756423132,0.09752553951740463
0.010571152872073938,0.009962075159634851,0.10163302497564147
0.07893200354440288,0.10153910793254364,0.12707361161319272
0.20552929989063595,0.2035802419979672,0.24509068379771337
0.1357050063052819,0.13006687159355831,0.11981812396156136
