X_TERMINAL,Y_TERMINAL,TX_AMOUNT
0.031296552734187924,0.04297421073618208,0.3017284080446508
0.023155777512790403,0.024959424599293338,0.08407920772507062
0.019925285724759316,0.021606897818144975,0.08348732699106128
0.043530361264579695,0.043737451491651425,0.23800317609474436
0.21617979658544556,0.20648000830522073,0.23866544997854738
0.15893141747536976,0.17234029110580149,0.1440975657046252
