X_TERMINAL,Y_TERMINAL,TX_AMOUNT
0.11064708930486945,0.11671160791072528,0.12665412555436503
0.11072940513678231,0.11138423567440409,0.05134030327000462
0.10862327777221817,0.11112345725090408,0.051343753657090055
0.10587530870073256,0.0991100643252216,0.14029719732925097
0.1209304803473057,0.13761332345165744,0.13283733863948782
0.16763312271269248,0.17087025446894943,0.08131869477452203
