X_TERMINAL,Y_TERMINAL,TX_AMOUNT
0.11350052874503418,0.10673507066935581,0.12866716648969756
0.1089122523818136,0.10152497546466377,0.0544335031819362
0.10731277076279866,0.1009120475087097,0.05374839137012483
0.10960290890641791,0.10258536488352787,0.04987960690571473
0.13826076367266843,0.14673933706168174,0.13174300335251965
0.1675034362845207,0.1715751393852259,0.056263134513800224
