X_TERMINAL,Y_TERMINAL,TX_AMOUNT
0.10787293687115532,0.10136085427549928,0.13635290245036455
0.10271694804433514,0.09427518911550613,0.05810047392925178
0.10150931486062982,0.09404679275817011,0.058207813671977526
0.1001531536074972,0.09679451672850126,0.04852479576453713
0.14462802800505817,0.1496060435327917,0.13158200487409627
0.16665310341539988,0.17059287899434103,0.09175979462368156
