X_TERMINAL,Y_TERMINAL,TX_AMOUNT
0.11199792527702723,0.11616304219266974,0.13449506513123716
0.10518330826872566,0.10765836362038178,0.058615141562757815
0.10390690366326139,0.107438184928866,0.05792070272384451
0.06068712203065689,0.07676040327958569,0.10661816318334735
0.1286564111863241,0.14204758834389852,0.13985249009071826
0.16770497223860403,0.17129915432234238,0.0784946756715057
