X_TERMINAL,Y_TERMINAL,TX_AMOUNT
0.1156317280739858,0.11315226711301841,0.1341403493870296
0.11639102993217658,0.11000711810416582,0.05830549601904667
0.11624820884107862,0.11061254197011944,0.05807315490512174
0.10848901206449849,0.10634485246282417,0.06565923141896504
0.13966971485352847,0.14786659703115992,0.1295434758453698
0.16704592991663458,0.17059916002354975,0.09059058246360686
