X_TERMINAL,Y_TERMINAL,TX_AMOUNT
0.016833151614459176,0.019593109711004926,0.3111026533750855
0.011556204223407978,0.011603888119611376,0.09705084827549951
0.010250640691343783,0.012214515995948149,0.09637056099912567
0.0702078287352979,0.05047240998886659,0.13589380160404843
0.220181091305916,0.2225753833345349,0.24383695378584433
0.15965444453540775,0.17999747024646118,0.1248983489375417
