X_TERMINAL,Y_TERMINAL,TX_AMOUNT
0.03308881586329247,0.034468504159223784,0.324150013017984
0.02696802834267174,0.022246786562650656,0.09237213868458509
0.02206148657692511,0.0141412402143003,0.09411592688597976
0.049883607978542785,0.07685434667640709,0.17532160934432647
0.23659998972934226,0.2367425572777996,0.25872860636249556
0.15971306859047169,0.20420702931379736,0.1650890660726359
