X_TERMINAL,Y_TERMINAL,TX_AMOUNT
0.10221701689253274,0.0986743160189521,0.13469090362782932
0.0993786090748934,0.09216229328485187,0.06073535996517327
0.09855881576375708,0.09353384066099626,0.06083212301881472
0.09919663410519267,0.096591328444739,0.05374517007651375
0.14962842892518075,0.15330725274878285,0.13695711447927042
0.1679792660919749,0.1733045219407599,0.0826226163189905
