X_TERMINAL,Y_TERMINAL,TX_AMOUNT
0.10647190533545849,0.10147722429727887,0.13476439519523695
0.10485415747759651,0.09797441390667332,0.054899176403486814
0.10412332585147974,0.09822651830050089,0.054550116041106045
0.08242995708512446,0.10584756945272714,0.08787040358335048
0.14182311882294799,0.1427941057150521,0.12359540897606369
0.16576317847206581,0.17040208960988212,0.07853684820849484
