X_TERMINAL,Y_TERMINAL,TX_AMOUNT
0.12230171290116879,0.12148958846451255,0.0846527343756694
0.1217989896452964,0.10612333009811598,0.026066603429451524
0.14538476167304418,0.12208512385357276,0.020414401795575673
0.10039128659947759,0.12781931011535247,0.12018560759250631
0.19580395124397937,0.18455141181697515,0.2063813948157826
0.20687223439276428,0.1959881203540505,0.02575115842395364
