X_TERMINAL,Y_TERMINAL,TX_AMOUNT
0.07541912374498319,0.06160977106493824,0.28294620931223524
0.024744425845262305,0.028423665674523008,0.08744043252620927
0.021043614993247448,0.02806360732671209,0.07853347752828645
0.10639630062535757,0.117853624413811,0.1494958702880119
0.14383801067571197,0.15133483748006463,0.05437715807515415
0.2421636531461474,0.2373900962742246,0.10223461406078094
