X_TERMINAL,Y_TERMINAL,TX_AMOUNT
0.046143487727981825,0.03473934984127655,0.34755485640101047
0.024789903700284575,0.02916023971779816,0.07496725176619837
0.022724179042001524,0.02510659586957943,0.07749335335133878
0.043385942304334,0.06053646078592591,0.2671821797854776
0.24048857450536298,0.2299989685757399,0.25485300172923964
0.1593776494604438,0.21551007638595088,0.17281817500407304
