X_TERMINAL,Y_TERMINAL,TX_AMOUNT
0.12572854667802516,0.12141956356190575,0.11501970090167501
0.11120237949785827,0.10804619945615011,0.03912630267089987
0.110791888978273,0.10714622183432214,0.03779248176759843
0.07752437914027982,0.0922065964824348,0.02675358983608631
0.13613880741241252,0.15045807130732564,0.1241742244870883
0.17222011054741582,0.17488899854466122,0.1051068621665793
