X_TERMINAL,Y_TERMINAL,TX_AMOUNT
0.11100297985482664,0.11074474809769679,0.13598877317978483
0.10389864541007804,0.10133851101385226,0.046569150616312886
0.10265126078280035,0.10203153977907925,0.04602261875475414
0.10947160534364997,0.09409380211339927,0.10253968696172852
0.15002217208543608,0.15378713324579554,0.1423049332608995
0.1653252142243744,0.16825428941090753,0.07267659478948353
