X_TERMINAL,Y_TERMINAL,TX_AMOUNT
0.11314046177790867,0.12003610299022657,0.1310769880995736
0.10862516641632447,0.11127258523995592,0.05240451891450934
0.10785976443218784,0.11204042479564907,0.05191667598655653
0.09453754061609324,0.09404895988698064,0.07244261005545263
0.14766633047803163,0.14867475082673362,0.13546665430265992
0.16702507794953186,0.16944004537231494,0.07885590166706068
