X_TERMINAL,Y_TERMINAL,TX_AMOUNT
0.010866464320422226,0.014354841174192268,0.2125732975145577
0.00925266334125838,0.009472495581449044,0.0909200465479458
0.009153086328189609,0.007386965353189988,0.08792023886054509
0.04229158514630215,0.06529958892820587,0.06712390239501859
0.18757677409750587,0.1853960642986201,0.16178884340295616
0.1134345803989899,0.1168192512307831,0.09870241857629376
