X_TERMINAL,Y_TERMINAL,TX_AMOUNT
0.10280408073727229,0.1042398665749917,0.13083012801387345
0.09623705867491449,0.09507597997545753,0.056032461387171495
0.09585584618455964,0.09646945906232604,0.05607203343767188
0.09580837050829055,0.08761262515025153,0.1478255047130991
0.15954107428316758,0.14921086849631948,0.13585438598792693
0.16777030421225872,0.17205115511251823,0.07885314907413293
