X_TERMINAL,Y_TERMINAL,TX_AMOUNT
0.11516060931312365,0.10707839788595441,0.13282109959443003
0.10745563653611392,0.10028541964427465,0.06118667010241137
0.10630924482127375,0.09977222116388476,0.06130769203668597
0.1058896854489043,0.1104013062518979,0.05009222063441996
0.13805970717346974,0.1481985180715446,0.12870804084628365
0.16649029422498796,0.1712599978299731,0.08739806057600431
