X_TERMINAL,Y_TERMINAL,TX_AMOUNT
0.07613929319933724,0.04109374620795216,0.3423693365468032
0.02954547789350111,0.03345602332961602,0.11149297099958454
0.028779180639805665,0.03551305419165597,0.10841707119232458
0.08603234000366632,0.04468466625247815,0.21177381569691192
0.17165641615028154,0.10664028040314157,0.14375771359319056
0.230246126646222,0.20134795890967602,0.1983344880498707
