X_TERMINAL,Y_TERMINAL,TX_AMOUNT
0.014568595914597793,0.013517996478460394,0.2941629984940737
0.010129292593959033,0.009163421330156362,0.07832905840858496
0.009922163069985147,0.010409419679231561,0.08016819856457617
0.061286916662501606,0.07704411471404395,0.10266663015027729
0.1778595013421238,0.18091694931648467,0.14922252808614464
0.10990948330353516,0.11039063695302687,0.09314767516288557
