X_TERMINAL,Y_TERMINAL,TX_AMOUNT
0.018981774561827494,0.016959710430758473,0.33294701860603515
0.012414476166897663,0.01648950250594796,0.09479657865922218
0.012721507218331502,0.015614629992542445,0.09692131823660241
0.06242150635315118,0.11712528441636753,0.14016355211804396
0.22826570553708372,0.2269487556605257,0.18418508304191486
0.1624351534614798,0.1652019142297704,0.13888138608827566
