X_TERMINAL,Y_TERMINAL,TX_AMOUNT
0.11586689558877372,0.11863026252164685,0.12985951902903142
0.11404528259641189,0.11315362087295805,0.058797499882136596
0.11372895896618455,0.11315612698030686,0.05897014692390585
0.11566029548585727,0.09614156969722304,0.09799414483477538
0.15644445909954424,0.1601846573407647,0.14297674345274478
0.1663347343488008,0.16861371942642958,0.07866488734350854
