X_TERMINAL,Y_TERMINAL,TX_AMOUNT
0.11902443815725172,0.11270232373361173,0.12490341374997144
0.11364221288494503,0.10752361573901913,0.048037414348984085
0.1121715236505847,0.10641508973556092,0.04778438084045392
0.11618260721288297,0.11542970658456897,0.08414513173005433
0.13237356301313585,0.14982390674113671,0.1311231644790058
0.16729563303161613,0.17160159434483538,0.07971108238666055
