X_TERMINAL,Y_TERMINAL,TX_AMOUNT
0.05416076703025295,0.044041415064012,0.39564683513643967
0.0230973912868572,0.022743255017950985,0.1293176462015206
0.020407877520798277,0.022899167500225703,0.1281246545756319
0.0541595205345104,0.0570461933321695,0.28170694242629185
0.20551260130640672,0.24091282873908326,0.2730618828196347
0.23035095526192478,0.23509248718892167,0.18441299566664524
