X_TERMINAL,Y_TERMINAL,TX_AMOUNT
0.103634920330196,0.10493897443752086,0.14244489511161523
0.10126801945872599,0.09852715597634232,0.06405213180145586
0.10026814836114471,0.09946657717418472,0.06391380072332609
0.10588268305113652,0.07820644741950872,0.063197310805427
0.12871584478772036,0.1410553049129072,0.13350639955182847
0.16927322623906804,0.17368368293932326,0.08379215626228545
