X_TERMINAL,Y_TERMINAL,TX_AMOUNT
0.013313138047633455,0.01439377135198546,0.24226807568521225
0.008251579749697528,0.010769087330380053,0.08883245944645064
0.007177891978591365,0.010240339773891879,0.08759362573336903
0.052432241688727066,0.06811442540466994,0.07560439559639928
0.19653979496503776,0.1947197330262092,0.23618062980944318
0.12111819424269939,0.12192305370061762,0.10414776358660403
