X_TERMINAL,Y_TERMINAL,TX_AMOUNT
0.11374833241048227,0.10880757369847066,0.13615477285156197
0.1133671317742084,0.10689538867837661,0.05867489816850159
0.1120690361306119,0.10569411916126739,0.0589772248004915
0.1131754328612323,0.08934770465004108,0.021827027333474292
0.15745871514613693,0.16241479474530307,0.1408820023480659
0.16767525337784955,0.1715779496061765,0.07997184157923543
