X_TERMINAL,Y_TERMINAL,TX_AMOUNT
0.10508029046627287,0.10304121797125282,0.12990728804117385
0.10609878828785332,0.0992813249549449,0.05785894125277025
0.10433696839138361,0.09826227923546602,0.057831897934048755
0.10907406341238438,0.08947710275135003,0.1118776720718935
0.15377825880351098,0.1612709373853662,0.13916406506812845
0.16738816744970286,0.1718195868578296,0.0872992353043032
