X_TERMINAL,Y_TERMINAL,TX_AMOUNT
0.027898530281650985,0.0331836683869086,0.32653107489015254
0.01868798505756832,0.017000228587040266,0.08707666248695561
0.01623866301116253,0.010963629712300237,0.08718879541822076
0.043285418987373994,0.052122296523070065,0.16494030943808205
0.2359487332235053,0.22943675163882532,0.24179597698708105
0.2066424347991019,0.18831070624280238,0.1523175364570092
