X_TERMINAL,Y_TERMINAL,TX_AMOUNT
0.4562167928554641,0.266819679920803,0.8282672935756753
0.6906271993164099,0.676365461917101,0.8002665653622726
-1.9376705026484613,-2.0356527135592932,0.8133039283864769
