X_TERMINAL,Y_TERMINAL,TX_AMOUNT
0.4532016218343746,0.267254873935754,0.8311225132424199
0.7017146671820611,0.6899554856927688,0.8093830466047266
-1.466959313361908,-1.7169786596489853,0.8047561426268347
