X_TERMINAL,Y_TERMINAL,TX_AMOUNT
0.4850167617021347,0.3262129641521081,0.8834029870588505
0.6634699833880103,0.6510104648959025,0.8299243518289169
-1.871506548631173,-2.0142827108429837,0.8805614311047318
