X_TERMINAL,Y_TERMINAL,TX_AMOUNT
0.43482467991849516,0.26903875802087474,0.8198259165588024
0.6364501745509636,0.6108539175149243,0.7901300603168906
-1.6762848301289903,-1.8292075091493425,0.8194402246077374
