X_TERMINAL,Y_TERMINAL,TX_AMOUNT
0.4358086948047618,0.25896663819217014,0.871596710977443
0.6566158028056848,0.6452289705374441,0.8197156382291177
-2.036178061104918,-2.1171602157192138,0.8562132855440008
