X_TERMINAL,Y_TERMINAL,TX_AMOUNT
0.4639586347840311,0.2668677865662976,0.8424853322087485
0.6958531780909044,0.6752750170065422,0.8059358490406634
-1.7428888970467873,-1.8545711355928343,0.8279380965142583
