X_TERMINAL,Y_TERMINAL,TX_AMOUNT
0.5095301051883772,0.30775229882183763,0.8135594795696017
0.7772693550413405,0.7545705090052233,0.7857847389708184
-1.77151580206603,-1.8700699986051381,0.797078488603905
