X_TERMINAL,Y_TERMINAL,TX_AMOUNT
0.4446036507653749,0.2793095406396341,0.7839867940228762
0.6365956461213678,0.6232228933560089,0.7760847078069525
-1.780169930467196,-1.8640574457092653,0.7460184543805275
