X_TERMINAL,Y_TERMINAL,TX_AMOUNT
0.4244038883514717,0.24988998814625074,0.8504335877249057
0.61466757081106,0.6069608802290434,0.7742041910902446
-1.7039342015314038,-1.9002977089629827,0.8295705939763524
