X_TERMINAL,Y_TERMINAL,TX_AMOUNT
0.44327529256753173,0.260055287144627,0.8826596879916722
0.7055791009960986,0.7322995651924313,0.8551067600877413
-1.6094441254890088,-1.8293419633889116,0.8820792890292358
