X_TERMINAL,Y_TERMINAL,TX_AMOUNT
0.4853351676240619,0.2836284805084389,0.8367329606456977
0.8040601619529494,0.8016197739069937,0.773698708300479
-1.8923195576265215,-1.9883897368839847,0.8135024581327215
