X_TERMINAL,Y_TERMINAL,TX_AMOUNT
0.4468645846136491,0.23134551399471015,0.8355810767788872
0.7062331574186878,0.692032006599856,0.7998421614835165
-1.8164728314915886,-1.931685796812261,0.812010514498177
