X_TERMINAL,Y_TERMINAL,TX_AMOUNT
0.4261639974478062,0.21132178977806637,0.838187810638692
0.5849612662048013,0.5499996784797506,0.8089541098328966
-1.9433426620864083,-2.1628178062061103,0.8210123760919583
