X_TERMINAL,Y_TERMINAL,TX_AMOUNT
0.3605379729282746,0.19258883180102615,0.8626344152535534
0.5814748167695619,0.5745721138105531,0.8024987551660203
-1.6812459687084989,-1.8936168864417304,0.8516784761087582
