X_TERMINAL,Y_TERMINAL,TX_AMOUNT
0.4731276914523457,0.3143193489390286,0.8408015445057285
0.6748494993986638,0.6545833312860356,0.7989102340810091
-1.8192708033562357,-2.0410094733426067,0.8166564478298388
