X_TERMINAL,Y_TERMINAL,TX_AMOUNT
0.3972351380625927,0.22319133790121803,0.803737186555365
0.5951277469226102,0.594862983968055,0.750879110596885
-1.502027957010386,-1.734741566270391,0.7802816133895525
