X_TERMINAL,Y_TERMINAL,TX_AMOUNT
0.48178088954114906,0.3324680644151986,0.8491635408706605
0.7273591575577532,0.7221310653268966,0.8377771681992023
-1.8026078227154883,-1.9913457451192214,0.8227184496957577
