X_TERMINAL,Y_TERMINAL,TX_AMOUNT
0.4479797928664041,0.285955135403988,0.8488302576849126
0.7223485956302006,0.7324988494082512,0.8086416350297724
-1.680949410701512,-1.8305173852473255,0.8416232337276514
