X_TERMINAL,Y_TERMINAL,TX_AMOUNT
0.4885849329134818,0.2813809091431798,0.8331997801079374
0.7567488902282067,0.7431190784876902,0.800021522079604
-2.0104870161283355,-2.0941987039028436,0.8078505718321244
