X_TERMINAL,Y_TERMINAL,TX_AMOUNT
0.4589282962257232,0.24765215643688554,0.7942118322970801
0.7194460772128566,0.7051990020969633,0.7731226247821558
-1.8296760521960125,-1.9391935183992675,0.7594659066814768
