X_TERMINAL,Y_TERMINAL,TX_AMOUNT
0.434929830493777,0.29024103729241657,0.81973007328567
0.6922515506644037,0.7014847800859062,0.7656832400863172
-1.7724078953751623,-1.8276430855770611,0.7820480180043001
