X_TERMINAL,Y_TERMINAL,TX_AMOUNT
0.4656084340353789,0.3358913745906107,0.8192647760954801
0.6412911702064769,0.6333797173624982,0.768887305745381
-1.8141121842448489,-1.969752667391651,0.8180259907397872
