X_TERMINAL,Y_TERMINAL,TX_AMOUNT
0.4872377450491947,0.3015954111256205,0.7840591427982394
0.660323221942072,0.6351067094017415,0.7216654637121369
-1.8609859159526403,-2.13621302342139,0.7481203033954917
