X_TERMINAL,Y_TERMINAL,TX_AMOUNT
0.3848391461332249,0.22587935529898295,0.8310489727475818
0.636914872910983,0.6318522641425868,0.778273040345297
-1.8593846525640116,-1.9218032054976568,0.8187610973411851
