X_TERMINAL,Y_TERMINAL,TX_AMOUNT
0.34860376868353193,0.21202252541886613,0.8124621190903295
0.5395709814230585,0.5310281343974277,0.7448854976225218
-1.7647237567694067,-1.8881160434004007,0.7812517935755333
