X_TERMINAL,Y_TERMINAL,TX_AMOUNT
0.4133009769957169,0.21902104591586435,0.8689049746915399
0.5953452006507771,0.5825493046618435,0.8131252622824177
-1.927049965355117,-1.9898252147612387,0.8561512424931945
