X_TERMINAL,Y_TERMINAL,TX_AMOUNT
0.4740518547915791,0.28280578802256395,0.8443253191637652
0.7119885314690362,0.704255288924462,0.8055881437146847
-1.7724976478424646,-1.9962034332391538,0.8368195152093143
