X_TERMINAL,Y_TERMINAL,TX_AMOUNT
0.4427531963318939,0.20925364437770033,0.7908476658132566
0.7162809799238808,0.7014860642425986,0.7280027748637765
-1.7462581544314943,-1.8878442949570444,0.7489295580283657
