X_TERMINAL,Y_TERMINAL,TX_AMOUNT
0.4777511829735157,0.27771094140052544,0.8467504262294564
0.7066202804394099,0.6597905189056629,0.8388423618827486
-1.6370290925284579,-1.7911127218918104,0.8133502245671828
