X_TERMINAL,Y_TERMINAL,TX_AMOUNT
0.4929869801974207,0.31394859068495107,0.7633529280076216
0.7253942140044537,0.7251310462127292,0.7162170538847245
-1.8242402965041635,-1.936017503222903,0.7608231629492934
