X_TERMINAL,Y_TERMINAL,TX_AMOUNT
0.45766646692700863,0.2546117204554277,0.8201430932051825
0.698158104078386,0.6997353305791743,0.7764733231966232
-1.7100448874902447,-1.9111139832943387,0.8020432689503718
