X_TERMINAL,Y_TERMINAL,TX_AMOUNT
0.4640970117663227,0.2985048779098334,0.7998387037151728
0.6417628557906532,0.6213929695500455,0.74746289874092
-1.7140061798632225,-1.9248400477863084,0.7643236726357916
