X_TERMINAL,Y_TERMINAL,TX_AMOUNT
0.47615907834883286,0.3093989310885783,0.8380682908072138
0.7080467204722937,0.6827243660129303,0.8067138065504245
-1.8150584474579992,-1.9303000393290204,0.8268229919234406
