X_TERMINAL,Y_TERMINAL,TX_AMOUNT
0.5027923693549148,0.2976939939382792,0.8593810614898287
0.7677687958368982,0.7504939537931592,0.8281774160675885
-1.853552141204586,-2.032541722423838,0.843608304437874
