X_TERMINAL,Y_TERMINAL,TX_AMOUNT
0.44878695857961515,0.27501759458853514,0.8440732580452818
0.6806933001795327,0.6795381194725698,0.8132867772517611
-1.796046336354944,-2.0388248504800295,0.8325318329838567
