X_TERMINAL,Y_TERMINAL,TX_AMOUNT
0.4598516589535372,0.2781039553350664,0.845577659548309
0.6568551937034923,0.6542012227539143,0.808603278046504
-1.8215839257171718,-1.9268414009845927,0.825013761115202
