X_TERMINAL,Y_TERMINAL,TX_AMOUNT
0.3320931492195902,0.9963473843915535,0.24493358555496147
0.39636767507353077,0.9943421415620401,0.2085884935696668
0.08147312137574969,0.9965756823579325,0.07374981170452677
