X_TERMINAL,Y_TERMINAL,TX_AMOUNT
0.5722369959237857,0.9300757446883489,0.2625128700332061
0.6436132325802504,0.9298847316045791,0.2968318724824798
0.5132479803611556,0.9293246315096761,0.014415394621955624
