X_TERMINAL,Y_TERMINAL,TX_AMOUNT
0.41879446482907057,0.8937877872888318,0.10588807249244025
0.4234592955801417,0.914826164113113,0.18037303741101074
0.3539086650114679,0.8910392369332455,-0.5191825197723801
