X_TERMINAL,Y_TERMINAL,TX_AMOUNT
0.038941986881246726,0.9683111297468542,0.21306774485142987
0.15366983352049068,0.9663391572598365,0.2685679459152678
-0.4646166100143714,0.9676623310797187,0.08263332499413667
