X_TERMINAL,Y_TERMINAL,TX_AMOUNT
0.0358681822692104,0.9147587535644878,0.3918098363319229
0.25300126145709956,0.9105879401222842,0.4169182148824192
-0.6682922052816413,0.9122213565437817,0.3008766479091399
