X_TERMINAL,Y_TERMINAL,TX_AMOUNT
0.027523448828683295,0.9439248295601056,0.029601470766676297
0.2345048565480734,0.9282724971710877,0.039682497735530564
-0.5143073388130606,0.9454261939665243,-0.7692536953227851
