X_TERMINAL,Y_TERMINAL,TX_AMOUNT
0.3266797433427523,0.9282391995002215,0.15793658995081872
0.39654894819046627,0.9279520820225509,0.1767881255704039
-0.16903849961343687,0.9266400533942764,-0.38818949939365077
