X_TERMINAL,Y_TERMINAL,TX_AMOUNT
0.034734931534150415,0.915830756148509,0.4794735711468998
0.13943856005672994,0.9150708264850023,0.4992735544623699
-0.8150430430689446,0.9143337512473628,0.29583805947122976
