X_TERMINAL,Y_TERMINAL,TX_AMOUNT
0.4182636730363192,0.927217558116476,0.3404602082559124
0.4582590919247561,0.9485751409387713,0.4159731406310422
0.3090420905410747,0.9241469612575485,0.14673019869356385
