X_TERMINAL,Y_TERMINAL,TX_AMOUNT
0.16423548928379272,0.9789701274987179,0.3496648022312908
0.2207771162730171,0.9776996225999794,0.2753656502308164
-0.16512689617985732,0.9788890810038743,0.17022849516662386
