X_TERMINAL,Y_TERMINAL,TX_AMOUNT
0.15872070130598503,0.8811018240670958,0.05864401228951621
0.2894874301300737,0.8897092925547097,0.2051493932601719
-0.0874753778459243,0.8762367091370895,-0.23537909720634498
