X_TERMINAL,Y_TERMINAL,TX_AMOUNT
0.38223921909715,0.9712677719401529,0.3433499466368254
0.4335792332654168,0.9635883746317274,0.4949984383109556
0.26831386140583047,0.9730363922071256,0.7036191204086913
