X_TERMINAL,Y_TERMINAL,TX_AMOUNT
0.22347110462556652,0.9596271358639383,0.13282750374957208
0.23321017318216375,0.959501143418923,0.16804343007236566
0.15791061231227133,0.9594049459027295,0.11982025773788263
