X_TERMINAL,Y_TERMINAL,TX_AMOUNT
0.26500647855230597,0.9428953479425342,0.326510557079677
0.32615850540100755,0.9425216708042414,0.331623727405846
0.02907029787055415,0.9425393353158074,0.0906090525197738
