X_TERMINAL,Y_TERMINAL,TX_AMOUNT
0.045788475051733224,0.9547206655446454,-35056.15566223223
0.3753686089356397,0.95547338021156,-9.359700568521093
0.1550476956169211,0.9541782373144622,-2757.7215845631463
