X_TERMINAL,Y_TERMINAL,TX_AMOUNT
0.26022836027777385,0.7649716089200224,0.05804502009022705
0.4524130388670543,0.7914446780490463,0.07134026416967099
0.08487075968361912,0.7507163005656478,-0.11484753807651105
