X_TERMINAL,Y_TERMINAL,TX_AMOUNT
0.27544200123351026,0.9205227918877511,0.32488550730313115
0.3390032505879098,0.930017674514598,0.38100442540849033
0.15223239719476855,0.9194017122172214,0.1261640697633576
