X_TERMINAL,Y_TERMINAL,TX_AMOUNT
0.060876198822054306,0.9513449088510938,0.28641477458942266
0.17050993379196444,0.9564734464941663,0.321062287531384
-0.39081604160523775,0.9504270662732552,-0.12753714739408828
