X_TERMINAL,Y_TERMINAL,TX_AMOUNT
0.455176428543568,0.9837193278689519,0.05411236074770687
0.49532677870645536,0.980362773389072,0.3164876169999201
0.3434725559195685,0.9845203000299866,-0.055294670474576035
