X_TERMINAL,Y_TERMINAL,TX_AMOUNT
0.5003400415706682,0.9626188173381887,0.15405674553314308
0.5627990662840425,0.9674159571372273,0.16595784897159982
0.40549799166595046,0.9631797512179241,0.12718177128996466
