X_TERMINAL,Y_TERMINAL,TX_AMOUNT
0.16891055149085976,0.9201870169350646,0.3614833087193636
0.38330521899266234,0.9231240751324319,0.328865898661318
-0.357918799064153,0.9175566527579198,0.12189197910781369
