X_TERMINAL,Y_TERMINAL,TX_AMOUNT
0.14444513973886253,0.9620740079392333,0.17118715880086766
0.271214050605479,0.963424738565894,0.2636333044089605
-0.9969594731757927,0.9618521877022282,-0.6724948945637998
