X_TERMINAL,Y_TERMINAL,TX_AMOUNT
0.2974371458060946,0.8768991023784332,0.15064177909277898
0.4060672618648514,0.8793026904636824,0.1612469010304679
0.04718152762229033,0.8758143811936011,0.09303789483370761
