X_TERMINAL,Y_TERMINAL,TX_AMOUNT
0.02734555393872906,0.9421033923828128,0.2754381178039258
0.04727680288963387,0.9429726102914738,0.2551522284217759
0.021238759536548524,0.9409696517512114,0.3605934185617621
