X_TERMINAL,Y_TERMINAL,TX_AMOUNT
0.03763996527834634,0.9371077925159481,0.1287011434224018
0.16303492568373834,0.933540178015472,0.19907503867020904
-0.6647002687164456,0.9361115260974029,-0.09850690834449405
