X_TERMINAL,Y_TERMINAL,TX_AMOUNT
0.13464370941230908,0.9059214221542775,0.10912491565278348
0.13169230207005544,0.9149481543090224,0.20774310846406963
-0.6360072806041985,0.9036865678758321,-1.4894134158507093
