X_TERMINAL,Y_TERMINAL,TX_AMOUNT
0.329936152484293,0.9692803956622804,0.0426929063719762
0.4831172744279919,0.966710985827602,0.14914249851666117
-0.03214374967397138,0.9691050818834945,-0.42541079020043693
