X_TERMINAL,Y_TERMINAL,TX_AMOUNT
0.06703437646847443,0.9642692045394424,0.1214351255732502
0.1270269406518968,0.9605199957944182,0.27515287616556916
-0.38639640254344876,0.9640103442694431,-0.21479987583221738
