X_TERMINAL,Y_TERMINAL,TX_AMOUNT
0.07610759233513431,0.9265840010764042,0.5418016937029266
0.2916731738970798,0.9267885031130199,0.6827661061449343
-2.646267430369956,0.924458287406122,0.456412913970733
