X_TERMINAL,Y_TERMINAL,TX_AMOUNT
0.2482726828351619,0.8746722132787195,-0.00630374254620758
0.27588117221501807,0.884410031426599,0.0944518203151461
-0.017424311512987734,0.8677671913725872,0.7086230169664844
