X_TERMINAL,Y_TERMINAL,TX_AMOUNT
0.20143068675403775,0.9503920791356972,0.2796551227956693
0.2884101630435577,0.9497947443389653,0.31435614951803004
-0.19102933988008775,0.9498555177766898,0.013530595622543773
