X_TERMINAL,Y_TERMINAL,TX_AMOUNT
0.40790685035434715,0.8418859114244118,0.14564260004001905
0.47098655181168014,0.8956251170061728,0.23724887067661282
0.135712769057177,0.8304340432906391,-0.2300172827902569
