X_TERMINAL,Y_TERMINAL,TX_AMOUNT
0.42479871542893666,0.926650082388867,0.1021615461962373
0.534647156343817,0.9298167879144279,0.23914473711369721
0.21157144753915103,0.9256331034418982,-0.516001184302106
