X_TERMINAL,Y_TERMINAL,TX_AMOUNT
0.25070670332579015,0.9819829051643758,0.07861054583672844
0.34960365944773797,0.9809088604485274,0.28399675472170627
-0.0067736005715683945,0.9818503932559087,0.03799983001491036
