X_TERMINAL,Y_TERMINAL,TX_AMOUNT
0.2587681912971631,0.9275841573354147,0.19410658103306988
0.31121463901393764,0.9253909998166152,0.2792324794730524
0.01864734074149077,0.9264439703132414,-0.026821097021965334
