X_TERMINAL,Y_TERMINAL,TX_AMOUNT
0.030759750114661144,0.9340950330392144,0.20391219989558307
0.08717881853121257,0.9340438646892565,0.37243070210885576
-0.6797679680979027,0.9331857078991066,-0.06571237105142691
