X_TERMINAL,Y_TERMINAL,TX_AMOUNT
0.012714633521951235,0.9670564476600367,0.19078040469232804
0.17951229498070187,0.9633407793027456,0.26062447986023907
-0.6004811531385783,0.9669166478938409,-0.28022713079069295
