X_TERMINAL,Y_TERMINAL,TX_AMOUNT
0.044052879824652336,0.8190643141408456,0.06524138509764643
0.19477542758378064,0.9007287696274215,0.24978640922825435
-0.620798932388499,0.8065216369467887,-1.047130445948953
