X_TERMINAL,Y_TERMINAL,TX_AMOUNT
0.18917921636265822,0.9557473147429059,0.1153985222992997
0.3325674047041507,0.9694070366203277,0.2933683190782672
-0.13392089331711965,0.9552907573376062,-0.16722906632904433
