X_TERMINAL,Y_TERMINAL,TX_AMOUNT
0.15828404757586534,0.8936839613146543,0.045397433131782905
0.39617068082623097,0.9299362494548089,0.3929092188045237
-0.1518109049733658,0.8925063643625311,-0.21176257039604063
