X_TERMINAL,Y_TERMINAL,TX_AMOUNT
0.16877700530225426,0.9372660378523593,0.1216156627787024
0.2840511480956799,0.9487699064850367,0.21450194479589813
-0.38871013443417435,0.9366826620133859,-0.37487530511046274
