X_TERMINAL,Y_TERMINAL,TX_AMOUNT
0.2711256621990902,0.8141200145477773,0.025617585428451828
0.523241467381689,0.9069624973180466,0.18785009462165825
0.08472768702713218,0.7919073251805491,-0.2715026174468522
