X_TERMINAL,Y_TERMINAL,TX_AMOUNT
0.17614406544378347,0.8072307015327197,0.003149861731145731
0.320035062724367,0.8678389218224825,0.026413533694154112
-0.07351147745942788,0.7955588913223551,-0.020645871140707595
