X_TERMINAL,Y_TERMINAL,TX_AMOUNT
0.024608170907085447,0.6582224163840419,0.05530601216801112
0.12280504550192528,0.8920403625784216,0.24446440686504478
-0.38717557231476607,0.5756920382206232,-1.0529382608482436
