X_TERMINAL,Y_TERMINAL,TX_AMOUNT
0.2610428315256238,0.8793807961390837,0.028031970892764435
0.440079219598304,0.9111000019992914,0.12108873400564213
-0.07016670046464846,0.8752846838026487,-1.2262984930697343
