X_TERMINAL,Y_TERMINAL,TX_AMOUNT
0.2384446164314774,0.9077899752301986,0.11656906204889339
0.4136256917385466,0.9368026137455643,0.19326167934870186
-0.12725391489744342,0.9052985588606194,-0.2866356095357585
