X_TERMINAL,Y_TERMINAL,TX_AMOUNT
0.05066236808632418,0.8947861434265361,0.12299869133243768
0.21499372245000714,0.944918397696914,0.3331898015654411
-0.49082761363782357,0.889230316946474,-0.5389064780695967
