X_TERMINAL,Y_TERMINAL,TX_AMOUNT
0.14159670569580673,0.6268234967115505,0.05880392754167718
0.2949240043845208,0.7172354074690624,0.2277719376546924
-0.3758472804570574,0.5748704426812563,-0.9290432821852128
