X_TERMINAL,Y_TERMINAL,TX_AMOUNT
0.2478267958859508,0.8813413967466145,0.0342721729677814
0.36232647617296,0.9366556434217372,0.19181438184327848
-0.06284140487079615,0.8738253644139546,-0.5758642425753007
