X_TERMINAL,Y_TERMINAL,TX_AMOUNT
0.31334713922466895,0.7206480859560627,0.41052502874562025
0.5062291766811191,0.8452308160622979,0.5240748431389197
0.1525194966500999,0.7048775215868973,0.1818402771915254
