X_TERMINAL,Y_TERMINAL,TX_AMOUNT
0.21212183152192932,0.8762873162440459,0.06556459687282412
0.3459997322436893,0.9704858049049422,0.24772642410729862
-0.1946659154978687,0.8595134215171697,-0.19328050764151072
