X_TERMINAL,Y_TERMINAL,TX_AMOUNT
0.129721102049575,0.8887064416774358,0.12082160341712411
0.2964896539657986,0.8990636979589026,0.2761005286469742
-0.23287398422467787,0.8875536309165097,-0.4140566777553125
