X_TERMINAL,Y_TERMINAL,TX_AMOUNT
0.2291646935288817,0.6095398274631548,0.015196034722959162
0.4215099928841557,0.808658284240107,0.056361363102442774
-0.12615978449282794,0.48720231843400696,-0.6830870343479003
