X_TERMINAL,Y_TERMINAL,TX_AMOUNT
0.694452478015479,0.8077583506622139,0.11132909602782082
0.7961162107660367,0.9029574964173642,0.24978283144759006
0.6375092413369678,0.7891467827314244,-0.5789063538090986
