X_TERMINAL,Y_TERMINAL,TX_AMOUNT
-0.016896442328369066,0.7813937029955437,0.06392626276657731
0.011442882274023791,0.8504585919054873,0.23439509604296438
-0.578933064427259,0.7729436587756453,-0.11957571781442189
