X_TERMINAL,Y_TERMINAL,TX_AMOUNT
0.06172254292461099,0.9010616733388281,0.04001020602276917
0.18601615052143705,0.9413028600406613,0.10806943157953719
-1.4696085666584602,0.895582080657417,-0.9398671435310451
