X_TERMINAL,Y_TERMINAL,TX_AMOUNT
0.12296409321372681,0.8005825275507663,0.0022130126756558788
0.23060579571803552,0.9099593158078685,0.020081088028826466
-0.3255518403217128,0.7770323830247908,0.003916735897041113
