X_TERMINAL,Y_TERMINAL,TX_AMOUNT
0.1909865184127354,0.9020591701358823,0.2037768788253893
0.3768155489859585,0.9442094777903184,0.38609089166200383
-0.03992143420560401,0.8993157370860996,-0.1341193273510768
