X_TERMINAL,Y_TERMINAL,TX_AMOUNT
0.22662844898174217,0.8566816359863412,0.2054069690620055
0.3306646273606161,0.9601745272688604,0.5878691024187863
-0.2515921667736061,0.8371131957105886,-0.15297370550036882
