X_TERMINAL,Y_TERMINAL,TX_AMOUNT
0.03289337770497702,0.9486664983618799,0.14710484257570455
0.15026974768844525,0.9634874599560785,0.28160146956807475
-0.4124675905891497,0.9472225899719339,-0.19304288321731367
