X_TERMINAL,Y_TERMINAL,TX_AMOUNT
0.4151067439005516,0.8597582696425521,0.19587683867556438
0.5504663014419209,0.9259902542954684,0.3960732516174189
0.20051547883266585,0.8503225153199099,-0.27371762889329876
