X_TERMINAL,Y_TERMINAL,TX_AMOUNT
0.038275277500954386,0.24770698627758225,0.013146050534892928
0.153447012340158,0.4279022623351102,0.08932644764694153
-0.35298625993883403,0.07786121542358426,-0.36106887342852634
