X_TERMINAL,Y_TERMINAL,TX_AMOUNT
0.13440094905767064,0.8475030578613554,0.33571749744644874
0.27144502398049186,0.9195174203441041,0.6301317184486546
-0.3914030483595663,0.8351350343340976,0.009759367185993018
