X_TERMINAL,Y_TERMINAL,TX_AMOUNT
0.1282935676129419,0.19258417381526427,0.4804740935756001
0.17532024244702876,0.35416310233290677,0.0219153863206626
0.17305299546442723,0.3700474183742303,0.021652589908653763
0.19724356624154707,0.32160654632272556,0.002565773187696656
0.28868344931447504,0.2992263341162805,0.01843613621734529
0.27412389514821683,0.44666079528114244,0.01767291184054022
