X_TERMINAL,Y_TERMINAL,TX_AMOUNT
0.09718614489593107,0.16196114097764136,0.3068193751564492
0.14950948377199214,0.41270198435846683,0.03521014137500691
0.155705301254818,0.41261860523227456,0.03397194818212974
0.21895852008891556,0.6344817679220318,0.09481492221139899
0.27766901599266663,0.29708281676284004,0.5801505395013267
0.26675902549799274,0.5161160325308456,0.06368568675341431
