X_TERMINAL,Y_TERMINAL,TX_AMOUNT
0.1063977737339222,0.14934403822046474,0.20844174498407153
0.15719084935347147,0.3799771843711242,0.022267333401041464
0.16141100402739092,0.38979558188385705,0.021065270129633266
0.13044173488747662,0.4545383391793532,0.05051206977537972
0.2910831076744184,0.3046252196188479,0.2478835839298837
0.23409796463431592,0.46764989579730815,0.08351155528808349
