X_TERMINAL,Y_TERMINAL,TX_AMOUNT
0.07843338591837526,0.17387677079378883,1.0273220094004896
0.12760453688213014,0.4252765414110503,0.05276604227421708
0.12420030148833623,0.42912391340124373,0.051131808357152836
0.09714709134140835,0.6748129595699229,0.16273545205519804
0.2760822658524525,0.2992127798476819,0.18603521095900294
0.21870188587279057,0.5288760099783734,0.2212096638758864
