X_TERMINAL,Y_TERMINAL,TX_AMOUNT
0.1563369960826198,0.14404724527497917,1.2993791232872134
0.17902393038852454,0.41375054343964357,1.5439523497428937
0.18226562242121813,0.4310101774057434,1.5440629915480133
0.24836033884875236,0.4604162033418287,1.5724091356117877
0.27536177688500874,0.29933380416519817,1.4924572742826787
0.23561785047700595,0.5335197141855744,1.5780058041486824
