X_TERMINAL,Y_TERMINAL,TX_AMOUNT
0.15069481530649764,0.22211019267841095,0.24834131310127366
0.260686468513723,0.39001320597666594,0.02588219552611224
0.29365862481073857,0.39197887556564276,0.026791668645904407
0.15038906258510806,0.41048440569596756,0.07965104378068565
0.24726152069597868,0.2994100596520483,0.07251229315737735
0.24288005516842515,0.48567357471474054,0.257658960110797
