X_TERMINAL,Y_TERMINAL,TX_AMOUNT
0.11695175555019276,0.08236566173319104,0.19214829811180803
0.24303185744122535,0.4647868542283036,0.044196214906593166
0.2584802588122405,0.4711916494041746,0.04416437577286449
0.300868643285181,0.6178497405530899,0.0851889323763813
0.2528743287617939,0.297530501724354,0.1823434366443054
0.21887820887989382,0.556899399365837,0.1406479340004168
