X_TERMINAL,Y_TERMINAL,TX_AMOUNT
0.12154992988877546,0.15621719814829466,0.20032154957274476
0.14942740531640802,0.43505311940962227,0.043977730502194085
0.1611824002628089,0.43774048287607586,0.044583181173554164
0.1841420236595407,0.6024256088316213,0.2750119244787158
0.2791717299316007,0.30957506947000285,0.39913608498790376
0.2317256458549901,0.5490154450300067,0.1137847747523503
