X_TERMINAL,Y_TERMINAL,TX_AMOUNT
0.16903374695907822,0.31808954995688166,0.23081941753410612
0.10242200829681264,0.35782531631749737,0.12185715607854707
0.10441686851964772,0.37074570290763925,0.07968281493069963
0.2480702908601763,0.44007395183621,0.01755620857173504
0.27843862417425796,0.29901618889644394,0.5357301027033606
0.26054157778598486,0.4685554728723268,0.5430947939664188
