X_TERMINAL,Y_TERMINAL,TX_AMOUNT
0.16087255694992839,0.09967978439805453,0.23016734375899278
0.22157235644152298,0.33618637311206484,0.02146826076876326
0.21987580087158726,0.34702649006363395,0.02179796869952503
0.2776927053351499,0.4557653345762395,0.11402444944161073
0.26086470777779003,0.2980759705569212,0.1601308206183319
0.24697008368909304,0.42224427947581866,0.05992761354302655
