X_TERMINAL,Y_TERMINAL,TX_AMOUNT
0.15463555087027023,0.11995142144602011,0.4200551121221576
0.1587521723200547,0.4052654783120413,0.09023250503542307
0.1714511932009378,0.4082683561793667,0.08609354302148138
0.15890403258999541,0.4575129043485459,0.1682139817716128
0.26774502398774597,0.2994723673668285,0.30665544401633205
0.24638843021591086,0.507189781625481,0.09111046942126852
