X_TERMINAL,Y_TERMINAL,TX_AMOUNT
0.12054747346690053,0.21960880379735545,0.29584369769877844
0.10750096051963541,0.34589994174962296,0.02515282604918614
0.11191313592847467,0.35240211135517563,0.024920213261534256
0.10449591262499756,0.6376391784397873,0.05721861908406345
0.25513521844988557,0.29864666073775414,0.021537748409587363
0.24159439061213028,0.4310028213948997,0.021386364106198336
