X_TERMINAL,Y_TERMINAL,TX_AMOUNT
0.10419278794071651,0.3145994809313289,0.5671900268158172
0.27269758466143124,0.35422280933845907,0.07938412953563886
0.30687848050697875,0.3656736270408891,0.10614354583701363
0.24739400394936298,0.28245674309463836,0.02803189686719134
0.21537257549227456,0.2979012321225858,0.21156885088497432
0.36671491367611336,0.4589451229789993,0.17255011583102042
