X_TERMINAL,Y_TERMINAL,TX_AMOUNT
0.25799451498111475,0.12078675899848333,0.4273977076242629
0.16015506089519588,0.4057358717840087,0.08015804797047632
0.16517109075212452,0.4230676756216397,0.07534772485903492
0.1456461421433434,0.22077688630025497,0.2071202494949478
0.26104380318963577,0.29867510197393776,0.24380755552316738
0.23163139399756175,0.4855976881641951,0.2290902001829843
