X_TERMINAL,Y_TERMINAL,TX_AMOUNT
0.12082505455011926,0.18262715336146118,0.246998553422588
0.14655106237132087,0.40033804138720996,0.1558464442672751
0.14111277537835523,0.4081192440794918,0.17719119783258425
0.15109926690485861,0.5583598531277804,0.1149599447892597
0.2975200586087753,0.29779049159743687,0.2548455380993656
0.23277504001740526,0.45660701045395274,0.16718642451564053
