X_TERMINAL,Y_TERMINAL,TX_AMOUNT
0.30206046965808586,0.2794637071841867,0.21843432071367475
0.3140116470193891,0.46269410801602445,0.039743136406940466
0.36340249471811903,0.4672251259244737,0.03924948248042909
0.1289184480472369,0.6156787018987079,0.08989142670421461
0.30371028331656985,0.29308567426503784,0.20539990915064166
0.32343760161650115,0.47612809895006875,0.34314322146445353
