X_TERMINAL,Y_TERMINAL,TX_AMOUNT
0.14340199842013598,0.2836296488490149,0.38542250910666037
0.23907739777175765,0.4197529458943569,0.06726923345786462
0.2437362522865338,0.4237317323323654,0.05976074219858688
0.1716651254427524,0.5665092552823554,0.04948531380876922
0.2525290622059563,0.29836243139012836,0.24686687101667668
0.22275504606381283,0.5109096799691039,0.1683206392828013
