X_TERMINAL,Y_TERMINAL,TX_AMOUNT
0.1771371553281214,0.18760953421285104,0.18296119754176576
0.24297686494065018,0.34764121591095154,0.029314010078818682
0.26029845461237167,0.36134190435635205,0.03350899701988155
0.16675502721451185,0.218065646256673,0.04987225100115092
0.28056629424343416,0.29719202396100386,0.22356064366711156
0.27462064563941097,0.44500421516377603,0.1200918392800598
