X_TERMINAL,Y_TERMINAL,TX_AMOUNT
0.16616098364772827,0.07353360142198705,0.39226452773705744
0.2238344560338644,0.3823512804430511,0.08244117857274397
0.21997456914731867,0.39110505294649456,0.08197909999309945
0.16059395040834681,0.3944591218860247,0.07060586824556005
0.2728795315259293,0.29897178715792716,0.172962008374094
0.2569013344869695,0.4379602720343394,0.14321103137410773
