X_TERMINAL,Y_TERMINAL,TX_AMOUNT
0.1437405405865133,0.3055808346364576,0.0004340551835163849
0.14253145184899044,0.3612725151875134,9.917796719592744e-05
0.1416039875485397,0.36853960291828425,5.87929927240443e-05
0.24503337703964298,0.23267798974659407,0.000930223673035383
0.2847433515497409,0.29806906571553193,0.00044335242317991683
0.21941757770849155,0.3190390356947121,0.00044240151442001644
