X_TERMINAL,Y_TERMINAL,TX_AMOUNT
0.15873221317324446,0.22930142886187377,0.7033098710631422
0.18508288681844923,0.3688776237165852,0.05295369958331001
0.1911214269587364,0.3712658174380203,0.05064585787655492
0.14295906004128484,0.25536282701803265,0.11096667887291657
0.26121575320616225,0.29992661769989887,0.658786594567289
0.26152776033192754,0.4177876487682458,0.6068043548926129
