X_TERMINAL,Y_TERMINAL,TX_AMOUNT
0.15321899258252467,0.1594942166637381,0.4018092162478426
0.2417257492097327,0.35084785413941405,0.01664187980116511
0.23909186069474891,0.36240895603814627,0.01767912484067693
0.31427601721751025,0.37820672776978764,0.10297997884368962
0.2796433997008605,0.29822934252864136,0.036966463356670046
0.24203676971963428,0.4860228216441906,0.11752694855465533
