X_TERMINAL,Y_TERMINAL,TX_AMOUNT
0.12475182451028621,0.3399743867943159,9.11454352485661e-05
0.17173693832273715,0.4264560377167409,5.606219847769071e-05
0.17918995449208047,0.42912352562239475,0.00014422419616512953
0.12478213790381631,0.5638150263962977,0.0002105547485420746
0.26394866730089867,0.296861962212676,0.0001761948332744521
0.2390854108117956,0.4839744315243302,0.0001759559335260036
