X_TERMINAL,Y_TERMINAL,TX_AMOUNT
0.12997067431411757,0.27016813499006515,0.07013949279695353
0.13483411660940758,0.4264760652839563,0.0019453653898419473
0.1439344743416812,0.42952991080566344,0.0022504916347531765
0.09588480460328835,0.3247180211212583,0.0031123148218711928
0.2734569605376354,0.29048657385699556,0.2510634674902545
0.21799178076369535,0.5205463845006761,0.004938586752452713
