X_TERMINAL,Y_TERMINAL,TX_AMOUNT
0.1377764554558723,0.11411515711068695,7.724441275838952
0.39549338145580265,0.3961446646515438,3.470280487595675
0.42686506750564945,0.4017676001640618,4.987828441863419
0.35337421403748287,0.41025536611081054,0.9204913437172991
0.14163039148661194,0.29721802561401256,4.154729513289549
0.3604569382255738,0.4995540813330968,1.1459618513510788
