X_TERMINAL,Y_TERMINAL,TX_AMOUNT
0.13798763076844978,0.3270881614921816,0.32817737322546864
0.18127257780039802,0.37615484678725636,0.0878763542143524
0.18627023588642122,0.3850072521702894,0.08858874517637597
0.12635456301238462,0.5631447399363585,0.01993905414676528
0.28727911244721016,0.30001606627829697,0.20155766954261725
0.21816227818098582,0.5075972253027897,0.1680314184422006
