X_TERMINAL,Y_TERMINAL,TX_AMOUNT
0.43662553133591986,0.2628502367579971,0.8626555732654446
0.7296126231599549,0.7226948340468756,0.8303895381862183
-1.7987898889448921,-1.9365260966916473,0.8518241504947096
