X_TERMINAL,Y_TERMINAL,TX_AMOUNT
0.4915363128416853,0.3116901886253207,0.8319017060668523
0.6865814149381899,0.6593518794106734,0.8019134569138808
-1.8114318163693959,-1.9775105688845853,0.819281467725071
