X_TERMINAL,Y_TERMINAL,TX_AMOUNT
0.4405203143287296,0.2464144139000397,0.7855674224119604
0.6842394657800468,0.6486415139949313,0.7475345602828751
-1.9619906572071328,-2.105926085810626,0.7478911707052164
