X_TERMINAL,Y_TERMINAL,TX_AMOUNT
0.5129595843446134,0.2875408738090356,0.8138194005288047
0.790678357321229,0.7776063752213844,0.7746469082839509
-1.857946847707078,-2.0612328027986613,0.7950116336025402
