X_TERMINAL,Y_TERMINAL,TX_AMOUNT
0.46042877237165936,0.305782908821436,0.8481760533670875
0.6823241738313945,0.6777826079119793,0.8189502870310852
-1.9023274713722547,-2.016606052911272,0.8354695570618299
