X_TERMINAL,Y_TERMINAL,TX_AMOUNT
0.4753584337770924,0.3124705437895575,0.8284059150915173
0.7139023091485173,0.6883205236003083,0.80598845704723
-1.875547255726401,-1.978461984660418,0.805590245862986
