X_TERMINAL,Y_TERMINAL,TX_AMOUNT
0.46127563150614814,0.3015557697069857,0.8310746902696075
0.6906713318008824,0.6918886295247398,0.7896224783209592
-1.9297937560073342,-2.0450444882876995,0.8006032613668876
