X_TERMINAL,Y_TERMINAL,TX_AMOUNT
0.4667427877585726,0.2969572638950114,0.810228373172672
0.6915478502563299,0.6665270528959577,0.7702090468038508
-1.8489358016010224,-1.9130987530842813,0.7735469029183493
