X_TERMINAL,Y_TERMINAL,TX_AMOUNT
0.4507211032366857,0.2667085152383827,0.8407326328518169
0.6741843883340473,0.6596088600218151,0.818657688631531
-1.727709908324131,-1.9474423417452864,0.823486789947403
