X_TERMINAL,Y_TERMINAL,TX_AMOUNT
0.499898879767981,0.3091024610455695,0.8211839260322573
0.7631688741871923,0.7381269344179581,0.8087017130943195
-1.7873482778786691,-1.9801657393522105,0.7893965879592599
