X_TERMINAL,Y_TERMINAL,TX_AMOUNT
0.4772744112591858,0.2835305429419015,0.8319536951825548
0.7194716787755856,0.6984885253136852,0.7962789756033892
-1.9893058235075176,-2.1208478884646746,0.8308016052223277
