X_TERMINAL,Y_TERMINAL,TX_AMOUNT
0.44803955343627155,0.2661610997850039,0.8358854875423586
0.7072079279910735,0.7110817693276696,0.8010393756175621
-1.775170935291487,-1.93143162930705,0.812303686825216
