X_TERMINAL,Y_TERMINAL,TX_AMOUNT
0.4744719737446115,0.2914539939625965,0.862199163618405
0.7425875843043725,0.7438866127408655,0.8408822011745387
-1.730753312484619,-1.8648016204060043,0.8558461087000123
