X_TERMINAL,Y_TERMINAL,TX_AMOUNT
0.4368865379574428,0.25261446900836193,0.8139596274428057
0.7283019857476982,0.7247163237894885,0.7819522599289306
-1.7126480553156482,-1.8409831710102877,0.7828378118095922
