X_TERMINAL,Y_TERMINAL,TX_AMOUNT
0.4637664353821572,0.29085212975764996,0.8527824031981941
0.660189653855433,0.6380505234169684,0.7772187798260407
-1.696332377082581,-1.9302705069813344,0.8362375132031973
