X_TERMINAL,Y_TERMINAL,TX_AMOUNT
0.43048058507903286,0.24082533221604918,0.8434630687651212
0.6470198073921429,0.6567785976996221,0.7989346702037267
-1.7179215526149254,-1.8301317138578281,0.8184760235726963
