X_TERMINAL,Y_TERMINAL,TX_AMOUNT
0.468970832963321,0.2950870307167587,0.8279966803205385
0.7339344083597197,0.7355472902627715,0.7957034751992323
-1.8806902226419049,-2.0301119906903384,0.8150594140418163
