X_TERMINAL,Y_TERMINAL,TX_AMOUNT
0.48135061249273936,0.28658014756879313,0.8170882757003792
0.707196126415672,0.681540709237068,0.7705145838262967
-1.798228736149945,-1.984732012832092,0.8110609199466924
