X_TERMINAL,Y_TERMINAL,TX_AMOUNT
0.4660244954056618,0.26944979504285504,0.8565565774453123
0.7367075690531435,0.7251684166267968,0.8237272233762777
-1.6623736994734606,-1.8057849788093918,0.8348369592316899
