X_TERMINAL,Y_TERMINAL,TX_AMOUNT
0.4880038130814658,0.2922263930249188,0.83575074032539
0.7714823924792668,0.7489513227815245,0.7738364254494196
-1.806940363320205,-1.9835074458424589,0.8205812301981539
