X_TERMINAL,Y_TERMINAL,TX_AMOUNT
0.4857696692948509,0.31346254136075913,0.7922833196093457
0.7782327368700556,0.775569735658406,0.7725650796031889
-1.8910381788067205,-2.084863683897034,0.7705188077986448
