X_TERMINAL,Y_TERMINAL,TX_AMOUNT
0.4904382952723839,0.30338175908138787,0.8595777883680592
0.7366923439069166,0.7218984429538532,0.8262202161264055
-1.7062782004275583,-1.9218794622350028,0.83836036041534
