X_TERMINAL,Y_TERMINAL,TX_AMOUNT
0.40874239254141376,0.25848624262548936,0.8572237130537897
0.6111309824338044,0.6251070775835714,0.8332945436816372
-1.8166087206397754,-1.8811154739846625,0.8553850313014169
