X_TERMINAL,Y_TERMINAL,TX_AMOUNT
0.4608016444818329,0.2923356392362003,0.8624759178702086
0.678512272643276,0.6647912429253493,0.8412741797932086
-1.7378266963033693,-1.8876487148895444,0.8473785292622918
