X_TERMINAL,Y_TERMINAL,TX_AMOUNT
0.43265147555364747,0.283224800828749,0.7989392241693551
0.6462650171637931,0.6567647141151505,0.7476254741651539
-1.70826446280368,-1.809353566098269,0.7740486983336056
