X_TERMINAL,Y_TERMINAL,TX_AMOUNT
0.5108740665409158,0.2812748836486182,0.8649477310230728
0.7968007142445591,0.7761115072324556,0.8386570177049161
-1.8922183048739702,-2.089059424661659,0.8621186244252025
