X_TERMINAL,Y_TERMINAL,TX_AMOUNT
0.46339436724732574,0.2730323698462638,0.8425135709441893
0.7248215164138088,0.7044022674607453,0.8219497041734528
-1.7496962381971066,-1.9434020624312671,0.8196203417248118
