X_TERMINAL,Y_TERMINAL,TX_AMOUNT
0.4934378238274898,0.32571100258909824,0.7751597431201936
0.7169166313427331,0.6968938090047014,0.7400951432711387
-1.8445218958279348,-2.0200258688537662,0.7315397059986021
