X_TERMINAL,Y_TERMINAL,TX_AMOUNT
0.4776553261207067,0.294058581040305,0.8023294676313351
0.7087579396775499,0.6944226859954938,0.7550784510016144
-1.7059559894066743,-1.8621641048955575,0.7734928623025904
