X_TERMINAL,Y_TERMINAL,TX_AMOUNT
0.41338895454618096,0.25031355586890636,0.8316245301098526
0.6712037072159341,0.6603868131264441,0.8016999996714607
-1.7577205864939023,-1.8377722174472582,0.8081960314185848
