X_TERMINAL,Y_TERMINAL,TX_AMOUNT
0.4228705819705759,0.2571662983623614,0.814581101212182
0.5847417449202839,0.5400353657856412,0.7504762462936497
-1.85395968132304,-2.0143468466941536,0.7886588901435163
