X_TERMINAL,Y_TERMINAL,TX_AMOUNT
0.38703654426004785,0.2359896517352893,0.8644321666148035
0.6956722106484178,0.7103951079678879,0.8302049601263686
-1.6283532101168556,-1.8885620837598602,0.8481243215868886
