X_TERMINAL,Y_TERMINAL,TX_AMOUNT
0.47224191441116947,0.3140345291949811,0.837781761096029
0.7314956657605132,0.7325535002000194,0.7939767793943139
-1.8156647514945963,-1.9619633602209272,0.8257571886063817
