X_TERMINAL,Y_TERMINAL,TX_AMOUNT
0.4479494626776883,0.29212438154490694,0.8081933988887157
0.6874749297430371,0.6968201500592557,0.783710958082381
-1.8494787239330845,-1.9449660837684273,0.7958563381880036
