X_TERMINAL,Y_TERMINAL,TX_AMOUNT
0.42846116133656353,0.264616258462295,0.8368943908030639
0.6087517863718508,0.5929004930552604,0.7860074995077824
-1.8871809224783913,-2.0539281039449064,0.8204170458722456
