X_TERMINAL,Y_TERMINAL,TX_AMOUNT
0.4703769460010815,0.2721448262811398,0.8322436132654887
0.7092360500002339,0.6891750806084801,0.7832429585481668
-1.7850247289278345,-1.940535777901546,0.8089190513095956
