X_TERMINAL,Y_TERMINAL,TX_AMOUNT
-0.9554826258107418,-0.49292084718954143,0.7534909475080442
-0.014225767146210488,-0.008106889577221166,0.7054411898253379
-0.06709097061668623,-0.009044326753665066,0.8213452335938158
-5.20862040522388,-23.608122434947724,0.702710797850531
