X_TERMINAL,Y_TERMINAL,TX_AMOUNT
-3.5608665793558014,-2.174945877509747,0.7024575265027355
-0.019825286276696552,0.019524195385163368,0.7201180277462276
-0.04775565788852476,0.015017029680440719,0.8457875107670598
-6.521809573468076,-33.047030573658624,0.7252935400728628
