X_TERMINAL,Y_TERMINAL,TX_AMOUNT
0.0825830780302798,0.060753772801516705,0.1732564787288299
0.06648251095156812,0.05402689465681939,0.043212877549125714
0.0676987328885108,0.049480343287075255,0.037580664807255394
0.10925508435802006,0.12133424974398295,0.04805462977772319
