X_TERMINAL,Y_TERMINAL,TX_AMOUNT
0.11470564366201956,0.11929948726080583,0.07974629016030071
0.10377230998249606,0.09177884538916697,0.03174841328578462
0.09915536805938571,0.09002202304850104,0.03289770521113203
0.1347873477337182,0.1406862236201474,0.05513263150543147
