X_TERMINAL,Y_TERMINAL,TX_AMOUNT
0.12354273783123715,0.12236051050684524,0.08423396533031235
0.11074451230719606,0.0928708801242648,0.03690749044586063
0.10620432681441426,0.09095017676462926,0.038823226888771364
0.11393514702668105,0.058556383619438636,0.0795687455467825
0.15361770848209505,0.13842255515006155,0.1808066937640243
0.1388796518399813,0.14202655319402208,0.05845608027751306
