,Baseline,Baseline_balanced,SMOTE,Random,KMeansSMOTE,CTGAN,TIMEGAN,ADVO
dataset1,0.0386489610014358,0.1068081359241019,0.0573565896089878,0.034046025508625,0.0402516334126944,0.030493897386157,0.0557423221205439,0.0548425456881804
dataset2,0.0447120382720728,0.1158983898046308,0.0585586529306177,0.0422313582888995,0.0511012098352064,0.046175241653024,0.064746946682843,0.0602663896295742
dataset3,0.0289597587497345,0.1189651865437875,0.0412185168391282,0.0249194850002134,0.0317139167036008,0.0306895016715337,0.0457134334111099,0.0434735998521131
dataset4,0.0379165812093232,0.1078816543905447,0.0488029466850425,0.0369624292724683,0.0356643239849071,0.0339809188314723,0.0526993016086733,0.0500958746304328
