,Baseline,Baseline_balanced,SMOTE,Random,KMeansSMOTE,CTGAN,TIMEGAN,ADVO
dataset1,0.0509666080843585,0.7493209777919796,0.167758427863876,0.4115673430260425,0.4136443521329286,0.1862917398945518,0.1656814187569899,0.1648825691004952
dataset2,0.0779574195613894,0.7525212101808868,0.1890507443572915,0.4232431567152233,0.4347686889707059,0.2064991195773971,0.1800864414919161,0.1813670561869697
dataset3,0.0746212121212121,0.6912878787878788,0.1912878787878787,0.3696969696969697,0.3835227272727273,0.187310606060606,0.1706439393939394,0.1755681818181818
dataset4,0.0445868375383793,0.7021759444666934,0.1405686824189027,0.3740488586303564,0.3935389133627019,0.1492457615805633,0.1354959284474703,0.1365638766519823
