,Baseline,Baseline_balanced,SMOTE,Random,KMeansSMOTE,CTGAN,TIMEGAN,ADVO
dataset1,0.069096931917563,0.2120965666740972,0.0990041296017464,0.0687910097609968,0.0789999497018699,0.0611206857257399,0.0961591524373088,0.0940108749184906
dataset2,0.0703159258919054,0.2082664124508971,0.0901710563480755,0.0793706557633657,0.0951209819573433,0.0719606712714683,0.098180644621637,0.0921296297213009
dataset3,0.0480533530379496,0.2288302565365107,0.0669564199206755,0.0526878145845619,0.0737108682718126,0.0496695292592317,0.0709750761669498,0.0687800005746169
dataset4,0.0610012690703214,0.2132741078429104,0.0752070107896465,0.0636677229524227,0.0690395802352108,0.0578131985990792,0.0806900891832117,0.0760732028786244
