,Baseline,Baseline_balanced,SMOTE,Random,KMeansSMOTE,CTGAN,TIMEGAN,ADVO
dataset1,0.0769230769230769,0.014916330201116,0.1301518438177874,0.0233112678669194,0.019603018062186,0.0720575966381361,0.1320682628629648,0.1337047353760445
dataset2,0.106239092495637,0.0143750917363863,0.1306126963061269,0.0188723688249023,0.0173726157428136,0.10061225285653,0.1399863124494493,0.1339639373337274
dataset3,0.0957356335803669,0.0109585257330202,0.1071674889914584,0.0164226821470637,0.0144311456191674,0.0815098693699262,0.1243444659122274,0.1217654012872717
dataset4,0.0704790040092846,0.0160097154014375,0.1164436580780714,0.0284588352393914,0.0243540758793035,0.0926148365986,0.1298452091595241,0.1254522043043718
