,Baseline,Baseline_balanced,SMOTE,Random,KMeansSMOTE,CTGAN,TIMEGAN,ADVO
dataset1,0.1567567567567567,0.0075331442283907,0.106318347509113,0.0119953434225844,0.0100393975585922,0.0446674839105118,0.109793541556379,0.1124427979952059
dataset2,0.1667237247517973,0.0072568582018243,0.099771901664273,0.0096513610098156,0.0088633908670524,0.066508558465663,0.1144921636474659,0.1062054743157105
dataset3,0.1335140630294815,0.0055230393966722,0.0744343724666519,0.0083978661159869,0.0073539291771225,0.0520882709222099,0.0978072079895788,0.093203297808164
dataset4,0.1680926019124308,0.0080971659919028,0.0993865030674846,0.0147921340900092,0.012565855654635,0.0671390823925054,0.1246469360186663,0.1160127012928101
