X_TERMINAL,Y_TERMINAL,TX_AMOUNT
0.20131846706319767,0.9397422658193559,0.2181198542717666
0.2787088618923572,0.9364902673538417,0.25472480297718025
-0.09937401318055827,0.9389423988704163,-0.0741167493412409
