X_TERMINAL,Y_TERMINAL,TX_AMOUNT
0.3203945675644183,0.9624544650887232,0.24844744884935943
0.39550979882078696,0.9592667640835408,0.38266861230730354
0.08659540478444072,0.9624429312095075,-0.20846922396639256
