X_TERMINAL,Y_TERMINAL,TX_AMOUNT
0.2136860917430502,0.9436383909521187,0.14529676184070894
0.23698245838417598,0.9433187956260353,0.23106549722079672
-0.07254592646576441,0.9429545672620107,-0.39029776157258
