X_TERMINAL,Y_TERMINAL,TX_AMOUNT
0.057728306727598766,0.9671382901423626,0.2593677770275894
0.2780234471195109,0.975206536667064,0.284183074098023
-0.9207184316788439,0.9690784520960327,0.08310640967594773
