X_TERMINAL,Y_TERMINAL,TX_AMOUNT
0.11184705629489977,0.9536719299351609,0.053263604809483334
0.1832603556177913,0.9489440602162693,0.10948689681693935
-0.11331847412905471,0.9521156283705431,-0.37555850687977954
