X_TERMINAL,Y_TERMINAL,TX_AMOUNT
0.10312788348741253,0.9279158388247192,0.42927142472168556
0.2691177795958828,0.9225779817190175,0.2599804998269821
-0.5257866882592339,0.9261020342382269,-2.259128952010559
