X_TERMINAL,Y_TERMINAL,TX_AMOUNT
0.1646311528593195,0.8703092490320672,0.021602918157530904
0.28618120012446413,0.8659885383083008,0.1793067588302265
-0.15682387380285578,0.8644943279294617,-5.271758636788404
